Company Name,CIN,Average Monthly Balance,Number of Transactions,Number of GST-paid Transactions,Debt to Capital,Operating Profit Margins,Use of Overdraft,Net Working Capital Days,Year on Year Sales Growth,EMI Missed Count,Utility Bill Default on Payment Date,Performance Score
Business_1,L13278GJ1997PTC246316,38242.67,145,139,0.62,0.06,True,86,0.14,0,False,0.64
Business_2,L98696MH2008PLC133326,5000.0,11,3,0.05,0.11,True,51,0.06,0,False,0.64
Business_3,L22280TN1997LLC731262,11620.7,92,38,0.2,0.14,True,75,0.08,0,False,0.67
Business_4,L83563TN2012LLC835392,14239.11,75,42,0.1,0.15,True,44,0.05,0,False,0.69
Business_5,U38893RJ2008PLC948749,14045.14,18,6,0.32,0.11,False,116,-0.29,1,True,0.33
Business_6,L30926WB2000PLC263032,16528.0,230,196,0.67,0.05,False,77,0.15,5,True,0.29
Business_7,L54118MH1992PLC201414,5000.0,51,37,0.27,0.07,False,82,0.14,0,False,0.68
Business_8,U55082GJ2015PTC865179,5000.0,61,51,0.47,0.14,True,35,-0.02,0,False,0.65
Business_9,U80284MH2019PLC182627,55840.57,276,266,0.9,0.09,False,88,0.08,2,False,0.56
Business_10,U92397UP2008PTC838797,22364.5,71,54,0.48,0.02,False,105,0.19,3,True,0.35
Business_11,L16006TN2014PLC183667,96804.36,144,137,0.73,0.03,False,94,0.38,2,True,0.42
Business_12,L23238WB1998PLC766563,27092.86,70,56,0.14,0.03,False,84,0.07,6,True,0.29
Business_13,U31319UP2001PTC802729,39655.51,194,120,0.21,0.04,False,80,0.18,0,False,0.67
Business_14,U99593MH2009LLC279451,5000.0,21,10,0.43,0.13,True,74,-0.03,3,False,0.48
Business_15,L31417RJ2002PLC771088,24085.94,42,30,0.31,0.31,False,89,-0.2,0,False,0.74
Business_16,L99733UP2016PTC340174,18187.2,75,69,0.59,0.02,True,133,0.25,0,True,0.45
Business_17,L51347WB1998PTC321231,57345.08,289,279,0.12,0.02,False,71,0.45,0,False,0.7
Business_18,U37869RJ2002LLC581141,21039.72,72,56,0.3,0.08,True,78,0.01,3,False,0.5
Business_19,L44718KA1997LLC688637,11033.49,52,39,0.24,0.01,True,33,0.33,0,True,0.48
Business_20,U86622WB2018LLC518801,16206.51,62,42,0.6,0.08,False,16,0.03,0,False,0.61
Business_21,U38746KA2006PLC195325,72051.58,93,68,0.31,0.13,True,110,0.04,0,False,0.64
Business_22,L24371KA2010PTC930555,48343.67,62,23,0.58,0.07,True,49,0.09,1,False,0.53
Business_23,U88172MH2002PLC724834,74228.53,105,55,0.54,0.08,False,84,0.42,0,False,0.67
Business_24,U79352GJ2007PTC813328,24313.57,18,11,0.82,0.11,True,30,0.37,0,False,0.65
Business_25,L99353GJ2014LLC456699,62238.58,31,21,0.28,0.08,False,71,0.03,0,True,0.49
Business_26,L48469WB1995PLC103402,49409.07,156,134,0.23,0.3,False,131,0.36,0,False,0.89
Business_27,U75612KA2006PTC755674,80287.28,65,64,0.93,0.07,False,91,0.34,0,False,0.66
Business_28,U93748TN1994PLC899550,5000.0,16,13,0.52,0.08,True,80,-0.04,4,True,0.27
Business_29,L80697DL2009PLC612340,8879.23,37,21,0.77,0.05,False,76,0.08,0,False,0.58
Business_30,L24662UP2018PLC351083,14726.97,38,28,0.04,0.03,False,66,-0.04,0,False,0.6
Business_31,L41571MH1992LLC609597,5000.0,21,4,0.62,0.09,False,44,-0.06,0,False,0.53
Business_32,L79822KA1994LLC598369,30237.62,107,77,0.67,0.06,False,71,-0.02,0,False,0.57
Business_33,L44741WB2020PTC665492,10753.07,37,26,0.39,0.05,True,87,-0.14,3,True,0.25
Business_34,L50857WB2011LLC491559,62742.82,13,12,0.26,0.05,False,48,0.47,0,False,0.71
Business_35,U77839RJ1993PTC335612,30948.73,98,94,0.28,0.12,True,101,0.06,0,False,0.67
Business_36,L54313DL2008LLC341292,42678.32,10,9,0.21,0.01,True,74,0.19,0,True,0.5
Business_37,L10942MH2012LLC161733,67554.79,164,150,0.43,0.22,True,82,0.29,3,False,0.69
Business_38,L18834DL2017PLC174299,19339.35,82,21,0.41,0.01,False,143,0.12,7,False,0.34
Business_39,L46500RJ1996LLC238739,12703.49,19,14,0.76,0.17,True,52,0.23,0,False,0.71
Business_40,U41850RJ2015PLC299659,5000.0,10,7,0.46,0.27,False,103,0.06,4,False,0.61
Business_41,L22704WB2001PLC531071,9086.49,20,12,0.2,0.0,False,59,0.04,0,False,0.58
Business_42,U17100MH1991PLC863587,5000.0,10,9,0.45,0.14,True,36,0.02,0,True,0.52
Business_43,U24322TN1996PTC662336,35881.87,88,74,0.71,0.04,True,79,-0.09,0,False,0.51
Business_44,U28373WB1995PLC585100,22597.12,25,14,0.09,0.1,True,67,0.09,0,False,0.66
Business_45,L19880RJ2015LLC202664,61652.99,195,170,0.37,0.09,False,75,-0.05,0,False,0.63
Business_46,L95477DL1992PTC274389,86500.79,210,157,0.32,0.12,False,48,0.01,0,False,0.67
Business_47,U73653RJ1996PLC161483,5000.0,24,4,0.75,0.02,True,104,-0.01,1,False,0.39
Business_48,L59672DL2002PLC922157,175912.57,106,45,0.16,0.02,False,63,0.22,0,False,0.64
Business_49,U47388WB2012LLC921414,35881.68,162,158,0.54,0.03,False,101,0.09,0,False,0.6
Business_50,U30289TN1999PTC161324,72606.54,97,90,0.64,0.2,True,113,0.13,0,False,0.72
Business_51,L51104DL1991LLC599948,47177.06,90,61,0.2,0.06,False,113,0.04,0,False,0.61
Business_52,L17455MH2017PTC171849,9391.4,30,17,0.58,0.04,True,36,0.16,0,True,0.44
Business_53,L98501TN2002PTC697347,36798.15,90,87,0.48,0.21,True,52,0.02,4,False,0.57
Business_54,L85880DL2009PTC539589,32653.63,101,72,0.89,0.03,True,54,0.13,0,False,0.56
Business_55,U44179TN2011LLC429445,200000.0,300,241,0.67,0.15,False,85,0.31,3,False,0.62
Business_56,L44814WB1994LLC776856,38971.09,74,25,0.55,0.09,False,114,0.13,5,False,0.4
Business_57,U69929UP2019PTC109767,17550.15,65,28,0.91,0.05,True,81,0.33,0,False,0.57
Business_58,U91416MH1992LLC323508,6460.75,10,9,0.24,0.2,True,89,0.09,0,False,0.77
Business_59,U27361UP2018PTC356150,5000.0,14,12,0.11,0.11,False,83,0.2,0,True,0.62
Business_60,U47353KA2004LLC837715,103726.33,300,276,0.9,0.06,True,95,0.0,2,True,0.32
Business_61,U90173DL2011LLC413921,5000.0,10,5,0.3,0.08,False,35,0.07,0,False,0.64
Business_62,L27601GJ1993PTC878480,22507.35,45,16,0.55,0.06,False,71,0.0,0,False,0.56
Business_63,L45697GJ2009PTC852470,80629.96,248,79,0.67,0.25,True,75,0.0,0,True,0.52
Business_64,U36685GJ2006PLC363319,19437.93,29,16,0.91,0.13,True,62,-0.15,0,False,0.52
Business_65,L22097WB2016PLC146228,27556.1,15,5,0.8,0.15,False,85,-0.09,0,False,0.57
Business_66,L53719KA2010PLC269430,24550.36,115,94,0.3,0.03,False,79,0.22,0,False,0.68
Business_67,U82309WB2007PTC217308,5000.0,16,14,0.6,0.06,False,132,0.25,0,True,0.5
Business_68,L29536DL2016PLC710805,30606.36,83,79,0.55,0.12,True,97,0.15,0,False,0.7
Business_69,L66333KA1991PLC482364,187710.42,300,110,0.15,0.15,False,84,0.46,0,False,0.75
Business_70,L56898TN2011PTC799330,36645.58,100,71,0.15,0.07,False,62,0.24,0,False,0.71
Business_71,L56357WB2009LLC262060,61363.47,103,99,0.46,0.23,True,44,0.0,1,False,0.7
Business_72,L31299KA2018PLC125990,10285.15,31,18,0.58,0.21,False,86,0.21,0,False,0.78
Business_73,L53540WB2015LLC870763,20632.9,75,33,0.88,0.11,True,40,0.07,2,False,0.49
Business_74,L44970KA2015LLC213346,15892.29,10,7,0.32,0.09,False,86,-0.01,0,False,0.63
Business_75,U15075RJ1997PTC956253,5000.0,22,13,0.61,0.04,True,89,0.16,1,True,0.4
Business_76,U55830GJ2016PTC333752,154118.99,52,36,0.56,0.02,False,12,0.15,0,False,0.61
Business_77,L96511TN2002PLC392136,6588.68,25,23,0.42,0.02,False,34,-0.09,0,False,0.56
Business_78,L46585UP2010LLC519093,98846.34,116,99,0.21,0.23,False,60,0.02,0,False,0.79
Business_79,U13617MH2018PLC287241,6344.45,22,20,0.67,0.07,True,37,-0.03,0,True,0.42
Business_80,U15014MH2009PLC462479,36934.95,41,10,0.64,0.06,True,83,0.03,0,False,0.52
Business_81,U67199MH2002LLC299312,103061.97,278,236,0.45,0.08,True,143,0.05,0,True,0.45
Business_82,U15817WB1990LLC945687,5000.0,10,9,0.58,0.0,False,78,0.18,0,False,0.62
Business_83,L57739WB1992LLC446239,5000.0,17,12,0.5,0.09,False,23,0.24,0,False,0.7
Business_84,U96951MH2013PLC631756,7881.77,21,18,0.74,0.08,True,64,0.23,2,True,0.42
Business_85,U97410WB2000PLC831076,5669.86,29,19,0.84,0.04,True,43,-0.24,0,False,0.44
Business_86,U82667KA1996PLC797229,34442.35,41,39,0.33,0.1,True,93,-0.08,0,False,0.62
Business_87,U98777KA2009LLC415568,23569.84,74,71,0.71,0.04,False,56,0.03,3,True,0.32
Business_88,U81819DL1999PLC320392,42075.64,52,50,0.62,0.05,False,97,0.33,0,False,0.68
Business_89,U86019UP2004PLC563638,33961.79,64,25,0.47,0.02,False,97,0.23,0,False,0.61
Business_90,L77000RJ2015LLC277934,16004.26,40,5,0.52,0.05,True,84,0.21,0,False,0.58
Business_91,L47196UP1992PTC805477,5000.0,19,13,0.29,0.15,True,42,0.29,0,False,0.74
Business_92,U39444TN1994PTC148458,22275.53,75,43,0.42,0.13,True,56,-0.02,0,False,0.62
Business_93,L72277MH2004PLC760356,5000.0,38,30,0.85,0.18,True,52,0.43,4,False,0.56
Business_94,L60328RJ2002PTC254739,12785.58,70,67,0.59,0.16,True,57,-0.03,0,True,0.51
Business_95,L23970WB1997PTC943170,12819.02,117,83,0.38,0.19,True,11,-0.11,1,False,0.61
Business_96,U16582TN2019PTC578634,8268.71,10,7,0.55,0.11,True,69,0.37,0,False,0.68
Business_97,L70901UP2020PLC742412,16898.73,18,11,0.52,0.07,False,81,0.32,2,True,0.44
Business_98,U81810RJ2018PTC879779,5000.0,73,52,0.33,0.09,True,93,-0.09,5,True,0.23
Business_99,U68991GJ2014PTC980660,11895.38,57,34,0.41,0.08,True,45,0.03,0,False,0.6
Business_100,U78327RJ2010PTC387936,120276.2,300,296,0.64,0.04,False,26,0.11,0,False,0.63
Business_101,U20155GJ1997PLC452161,21891.57,53,52,0.64,0.03,False,69,0.3,0,False,0.66
Business_102,U80798MH1994PTC342495,5000.0,41,23,0.7,0.15,False,95,0.04,0,False,0.65
Business_103,U30028TN1992PLC527398,10741.91,44,36,0.31,0.12,False,70,0.27,0,False,0.75
Business_104,U81121RJ2003PTC316881,42460.3,243,139,0.41,0.06,False,124,0.15,0,False,0.62
Business_105,U61049DL2017LLC498858,35024.91,53,14,0.51,0.06,False,106,0.33,0,False,0.6
Business_106,U10772UP1999PLC994905,36982.11,54,45,0.37,0.13,False,55,0.12,0,False,0.72
Business_107,U80545TN2005PTC386193,200000.0,300,199,0.54,0.13,True,103,0.08,0,False,0.63
Business_108,U73654DL2002PLC801364,13974.36,45,22,0.64,0.04,True,102,0.16,2,False,0.47
Business_109,U31632RJ2019PTC752483,200000.0,80,74,0.22,0.16,True,66,0.07,0,True,0.58
Business_110,L61645DL1992LLC549433,42391.47,38,17,0.58,0.0,True,90,0.18,0,False,0.55
Business_111,L70515KA1991PLC497519,178346.07,300,261,0.68,0.22,False,88,0.08,0,False,0.76
Business_112,U37742RJ2000PLC898207,18501.95,10,9,0.29,0.04,False,81,0.07,0,True,0.5
Business_113,U46471WB1998PTC593152,11689.59,28,23,0.13,0.23,False,55,0.12,0,True,0.68
Business_114,L80702DL2020PLC335113,181556.98,289,180,0.67,0.07,False,50,-0.06,0,True,0.41
Business_115,L95426DL2014PTC359295,138788.41,300,288,0.54,0.04,True,66,-0.18,0,True,0.36
Business_116,L12671KA1997PTC596564,14260.87,127,37,0.16,0.17,False,49,0.14,0,False,0.73
Business_117,L83920TN2004LLC368690,45301.57,10,7,0.19,0.03,True,109,0.31,0,True,0.48
Business_118,U31992MH2014PTC426147,5000.0,18,17,0.44,0.06,False,69,0.03,2,True,0.41
Business_119,L85849DL2019PLC703766,19505.48,107,47,0.4,0.16,True,66,0.17,0,False,0.7
Business_120,U61990TN1992LLC824161,8117.19,37,29,0.19,0.07,False,55,-0.2,0,True,0.42
Business_121,L23356GJ2017LLC729577,107585.35,76,43,0.61,0.08,True,52,0.14,0,True,0.46
Business_122,L84177DL2001LLC549186,120116.96,300,74,0.58,0.08,False,26,-0.03,0,False,0.55
Business_123,U19038UP1990PLC962276,5000.0,199,50,0.75,0.18,True,63,0.08,0,False,0.63
Business_124,U23833WB2020PLC766459,134935.58,159,143,0.78,0.15,True,53,0.23,4,False,0.55
Business_125,U30052WB1995LLC647091,79876.69,172,165,0.33,0.07,False,53,0.1,0,True,0.53
Business_126,U90728RJ2004PLC965845,79373.51,122,89,0.67,0.04,True,61,0.2,0,True,0.46
Business_127,U52245TN2016PTC392477,27365.27,12,11,0.34,0.05,True,75,0.23,0,False,0.67
Business_128,U41963RJ2008LLC800646,18467.61,120,87,0.74,0.09,True,51,0.1,2,False,0.53
Business_129,U54092DL2005PLC290672,16558.52,24,7,0.78,0.07,True,92,0.09,0,False,0.54
Business_130,U37802UP2015PLC456871,200000.0,286,111,0.64,0.06,True,82,0.08,0,False,0.55
Business_131,U88139GJ2007PTC641722,5295.03,10,2,0.75,0.06,True,133,0.25,2,False,0.47
Business_132,L21221TN2013PLC612311,190822.56,104,70,0.45,0.07,True,24,-0.07,1,False,0.51
Business_133,L72402RJ2004PTC197573,5000.0,11,9,0.41,0.14,False,91,0.2,2,False,0.68
Business_134,U39045WB2012PTC421080,47482.62,213,126,0.13,0.14,True,66,-0.15,0,False,0.61
Business_135,U72031UP2003LLC677124,28472.28,25,21,0.61,0.12,False,104,-0.02,0,False,0.62
Business_136,U56112RJ1998PLC363615,10617.81,18,17,0.75,0.07,True,130,0.1,3,False,0.47
Business_137,L25814TN2000PTC878967,13636.81,34,30,0.51,0.09,True,79,-0.01,0,False,0.61
Business_138,L35105TN2013PLC389930,37276.75,55,30,0.32,0.07,False,76,-0.08,0,False,0.58
Business_139,U23176TN1999PTC478411,41589.21,162,91,0.46,0.08,True,55,-0.01,0,False,0.57
Business_140,L49618DL2012LLC232731,5000.0,10,6,0.67,0.15,False,48,0.01,0,True,0.5
Business_141,U15965DL2007PLC831295,5522.12,16,5,0.06,0.04,False,98,0.31,0,False,0.66
Business_142,L93606RJ1993PTC701949,20076.34,14,11,0.25,0.19,False,37,-0.17,0,True,0.52
Business_143,U71524RJ2004PLC293319,40399.06,69,54,0.72,0.04,False,90,-0.07,0,False,0.54
Business_144,L43092RJ1993PTC520172,5000.0,18,13,0.68,0.05,False,112,0.11,0,False,0.59
Business_145,U19710DL1994PTC950544,13471.39,50,33,0.18,0.04,False,86,0.23,0,False,0.68
Business_146,U21164TN1993LLC901577,39298.52,111,64,0.63,0.12,False,93,0.1,0,False,0.66
Business_147,U89471TN2014LLC498855,65763.7,185,183,0.5,0.12,False,85,0.11,4,False,0.56
Business_148,U68028GJ2017LLC549660,5000.0,10,2,0.57,0.19,True,77,0.04,0,False,0.64
Business_149,U84531DL2009LLC204053,14003.48,24,10,0.8,0.16,True,65,0.02,0,False,0.6
Business_150,L91987TN1998LLC185131,131771.13,167,136,0.5,0.09,False,47,0.07,0,False,0.66
Business_151,L41439KA2007PTC264136,5000.0,14,5,0.23,0.02,True,53,0.06,0,False,0.55
Business_152,L63545RJ2012LLC592738,9643.94,25,9,0.45,0.12,False,80,0.26,0,True,0.54
Business_153,U14278TN1999LLC396451,18876.86,269,155,0.67,0.07,True,56,-0.14,0,True,0.35
Business_154,U19329TN2019PLC926097,200000.0,135,130,0.6,0.04,True,49,0.09,0,False,0.6
Business_155,L65723MH2007PTC779094,8676.24,36,27,0.36,0.14,True,90,0.07,0,False,0.68
Business_156,L44816KA1992PTC273982,5000.0,34,27,0.15,0.29,True,47,0.02,0,True,0.66
Business_157,U87993GJ2004PTC591465,59804.33,10,9,0.15,0.03,True,93,0.15,0,False,0.66
Business_158,U62757GJ2006LLC617781,12454.89,21,10,0.49,0.12,True,62,0.11,0,False,0.64
Business_159,U20543DL2018PLC870214,5000.0,10,4,0.83,0.09,True,84,-0.04,3,True,0.25
Business_160,U89129GJ1990PTC340044,52360.83,64,61,0.83,0.07,True,52,0.12,0,False,0.62
Business_161,L98117GJ2008PTC900177,65185.98,10,8,0.62,0.16,False,59,-0.02,3,False,0.55
Business_162,L71669RJ2019PLC290305,7161.27,58,55,0.93,0.1,False,122,0.09,0,False,0.62
Business_163,U93202RJ1992PLC464863,28926.02,203,68,0.54,0.16,True,51,0.13,0,False,0.66
Business_164,U53687UP2011PTC999398,5014.03,10,8,0.88,0.13,True,35,0.19,0,True,0.52
Business_165,L53228WB2012PLC402218,59926.83,224,177,0.46,0.23,True,78,0.17,0,False,0.79
Business_166,U82102DL2004PTC429795,200000.0,300,284,0.79,0.03,True,46,0.1,1,False,0.54
Business_167,U52372MH2014PLC639593,97249.01,129,96,0.57,0.12,True,39,0.21,0,False,0.69
Business_168,L96200RJ2003PTC296694,90133.8,256,247,0.14,0.06,True,84,-0.09,0,False,0.6
Business_169,U91609RJ2010PLC896907,106991.54,182,171,0.48,0.13,True,67,0.02,1,False,0.62
Business_170,L36680GJ2007PTC402020,59892.26,143,138,0.39,0.11,False,102,0.14,0,False,0.7
Business_171,U73532MH1990LLC738448,58600.01,300,142,0.76,0.13,False,88,0.23,0,True,0.53
Business_172,L30758GJ2007PTC679077,131829.93,221,212,0.77,0.04,True,55,0.18,0,False,0.62
Business_173,U22217TN2016PTC583863,8633.56,32,23,0.81,0.35,True,81,0.07,0,False,0.77
Business_174,L94896KA2005LLC406039,14507.36,40,22,0.18,0.13,False,45,0.14,0,False,0.72
Business_175,U64459RJ2005PTC578975,42120.07,136,116,0.76,0.07,True,68,0.17,3,True,0.36
Business_176,L60277TN2019LLC632929,12118.83,76,54,0.36,0.01,False,65,0.14,0,True,0.47
Business_177,L19150GJ2014PLC456385,5000.0,32,21,0.52,0.05,False,103,0.2,0,False,0.63
Business_178,U10336GJ2013PLC978157,90821.99,92,41,0.23,0.17,False,62,0.06,0,False,0.71
Business_179,U29476RJ2007PLC461888,200000.0,300,193,0.89,0.05,True,44,0.02,0,False,0.52
Business_180,U82340WB2004PLC297816,25746.13,170,166,0.33,0.12,True,82,0.05,0,False,0.68
Business_181,L84946WB1997PLC145767,68903.88,77,64,0.69,0.04,False,49,-0.24,0,False,0.5
Business_182,U71993WB2002LLC930884,5000.0,10,8,0.81,0.03,False,85,0.5,1,False,0.58
Business_183,L74923DL1994LLC718849,73901.69,49,24,0.73,0.19,False,55,0.15,0,False,0.72
Business_184,U23154RJ1993LLC579123,21943.85,45,16,0.62,0.14,False,85,0.13,0,False,0.66
Business_185,L28894WB2017LLC261859,12181.03,24,21,0.49,0.03,True,31,-0.02,0,False,0.56
Business_186,L71537GJ2000LLC826353,5477.46,10,5,0.59,0.02,False,95,0.12,0,False,0.58
Business_187,U95175MH2017PLC993744,20827.43,18,2,0.34,0.05,True,55,0.13,0,False,0.57
Business_188,U51505RJ2017LLC137642,192668.4,69,28,0.26,0.04,False,127,0.22,0,False,0.62
Business_189,L40771GJ1997LLC194769,49962.82,115,98,0.67,0.11,True,132,-0.16,0,False,0.52
Business_190,U22903MH2004PTC827712,43275.07,146,72,0.37,0.02,True,82,0.17,0,False,0.59
Business_191,U13794DL2000PTC407618,58690.29,97,58,0.71,0.12,True,83,0.16,4,False,0.49
Business_192,U59131WB1994PTC656968,8842.34,46,27,0.71,0.07,False,63,0.01,0,False,0.57
Business_193,U84177KA1995PTC182804,45419.4,21,20,0.71,0.07,True,49,-0.08,0,False,0.55
Business_194,U91226TN2005LLC250069,18797.38,10,4,0.73,0.25,False,118,0.02,0,True,0.53
Business_195,L70443GJ2004PLC799233,47358.24,68,40,0.7,0.13,True,17,0.33,0,False,0.67
Business_196,L70981GJ2011LLC265649,20937.51,25,15,0.72,0.13,True,60,0.05,0,False,0.62
Business_197,L67898UP2008PLC769975,9575.44,12,11,0.53,0.05,False,66,0.05,0,True,0.47
Business_198,U42780RJ2017PLC308894,15246.6,92,30,0.25,0.03,True,51,0.11,0,False,0.57
Business_199,U73335MH1997PLC699704,18381.99,48,43,0.27,0.04,False,38,-0.14,0,False,0.57
Business_200,U85341GJ2012PLC123005,109179.64,175,154,0.68,0.08,True,57,-0.1,0,False,0.55
Business_201,U45976DL2008LLC916118,27100.09,90,16,0.47,0.19,True,34,0.23,5,False,0.5
Business_202,L89482RJ2016PLC913423,79655.76,164,52,0.22,0.16,False,86,0.2,0,False,0.74
Business_203,L89569UP1997LLC299367,9372.04,46,33,0.94,0.05,False,88,-0.1,0,False,0.51
Business_204,U98835KA2010PTC757937,84989.12,167,155,0.09,0.07,True,100,-0.09,0,True,0.46
Business_205,L50492RJ1991LLC482584,44174.14,80,79,0.08,0.12,False,48,0.19,0,False,0.79
Business_206,L21813GJ2000LLC535686,39875.91,96,41,0.2,0.03,True,76,0.2,4,True,0.31
Business_207,L36318KA2015LLC483629,16777.49,42,28,0.31,0.02,True,115,0.01,6,False,0.33
Business_208,U31567GJ2019PLC945664,7431.52,23,21,0.49,0.11,False,85,0.15,0,False,0.72
Business_209,U54396MH2004PTC247594,9390.77,41,30,0.7,0.1,True,42,0.27,3,True,0.39
Business_210,L98647WB2020LLC483542,57020.27,120,99,0.9,0.07,True,58,0.08,0,False,0.58
Business_211,L61717DL1998LLC229592,35066.96,300,197,0.74,0.07,True,55,-0.21,0,True,0.32
Business_212,U58311GJ2008PLC962367,11246.81,49,40,0.21,0.09,False,16,0.32,0,True,0.59
Business_213,U24201TN2005PTC749641,6709.1,12,9,0.62,0.1,False,111,0.07,0,True,0.47
Business_214,U89964TN2010PTC766269,49665.59,63,24,0.22,0.06,True,86,-0.02,3,False,0.44
Business_215,U49608WB1993PTC147549,40495.69,35,18,0.41,0.02,True,54,0.16,0,False,0.59
Business_216,L49893RJ1993PTC346205,42777.22,171,122,0.67,0.13,False,31,0.14,4,False,0.53
Business_217,L60940RJ2001LLC879238,13361.72,48,34,0.59,0.18,True,58,0.35,0,False,0.74
Business_218,U86983KA2018PLC786735,181304.48,147,57,0.85,0.09,False,99,-0.22,1,False,0.44
Business_219,L74139WB2020PLC134305,15476.59,10,7,0.43,0.02,True,53,0.19,0,False,0.61
Business_220,U38477RJ2004PTC997004,38997.8,64,57,0.37,0.08,True,53,0.34,0,False,0.69
Business_221,U23022UP2007LLC476096,40065.11,101,70,0.06,0.04,True,52,-0.08,0,False,0.57
Business_222,L62184GJ1996PTC989227,5000.0,18,16,0.57,0.08,False,65,0.23,0,False,0.7
Business_223,U22015TN2010LLC726152,11436.41,39,20,0.87,0.09,True,89,0.12,2,False,0.5
Business_224,L16629UP1997PTC925206,5000.0,11,10,0.36,0.07,False,109,-0.09,0,False,0.58
Business_225,L18992TN2008PTC952547,19729.41,41,35,0.91,0.09,False,102,0.19,0,True,0.49
Business_226,L53064KA2015LLC102973,65138.07,300,115,0.17,0.11,True,63,0.41,0,False,0.69
Business_227,U28964KA2007PLC937302,15262.26,102,30,0.78,0.08,False,82,0.18,3,False,0.49
Business_228,L24408DL1994PTC475644,73812.57,300,57,0.19,0.05,True,66,0.17,0,True,0.46
Business_229,L87182UP1990PTC378258,9127.2,14,3,0.71,0.12,False,45,0.1,0,False,0.61
Business_230,L26614WB2006PTC881886,5000.0,10,4,0.36,0.14,True,100,0.23,0,False,0.7
Business_231,L72422RJ2014PLC638169,24287.85,64,28,0.33,0.13,False,44,0.29,0,False,0.72
Business_232,L69245TN2020LLC145471,34564.76,87,83,0.42,0.1,True,65,0.15,0,False,0.69
Business_233,U70036DL1991PLC988456,38957.61,28,11,0.69,0.07,False,66,-0.15,0,False,0.5
Business_234,U65872MH2005LLC565108,5229.9,17,4,0.03,0.02,False,56,0.08,0,False,0.59
Business_235,L20589UP2009PTC168872,15422.3,37,34,0.07,0.05,False,79,0.29,0,False,0.73
Business_236,L46046UP2002LLC656329,16794.93,86,27,0.45,0.02,True,40,0.3,2,False,0.5
Business_237,U69469WB1993LLC219971,51143.57,110,88,0.1,0.01,False,67,0.08,0,False,0.63
Business_238,L66370RJ2018PTC533914,22219.46,34,32,0.24,0.06,False,87,0.04,0,False,0.66
Business_239,U69441WB2003LLC199704,21095.44,61,51,0.57,0.04,True,85,0.2,0,True,0.48
Business_240,U65936UP2011PLC492483,32156.76,157,96,0.4,0.12,False,65,0.3,0,False,0.72
Business_241,L72163MH1992PTC197758,11500.52,31,29,0.47,0.02,False,56,0.28,2,False,0.58
Business_242,U22656UP2015PTC683397,149950.71,110,104,0.74,0.06,True,94,-0.07,3,True,0.27
Business_243,L86869UP2011PTC530764,60933.71,127,103,0.34,0.04,False,28,0.12,0,False,0.65
Business_244,U97207WB2017LLC153945,5000.0,14,10,0.62,0.02,False,64,-0.18,0,False,0.48
Business_245,U88696GJ2001PTC705991,5000.0,25,13,0.45,0.07,False,111,0.21,0,False,0.64
Business_246,L30280RJ1997PTC467121,13403.5,70,24,0.9,0.02,False,76,-0.12,0,False,0.44
Business_247,U25058GJ2008PTC946432,21809.14,77,55,0.71,0.07,True,98,0.17,0,True,0.47
Business_248,U83526DL2009LLC969752,86314.69,188,144,0.89,0.06,True,46,0.01,0,False,0.54
Business_249,U13794KA1998LLC899444,5000.0,10,5,0.47,0.12,True,103,0.13,0,False,0.63
Business_250,U54541UP1990PTC250210,36359.86,48,35,0.6,0.11,False,72,0.18,0,False,0.7
Business_251,U19120KA2013LLC132146,178705.25,300,279,0.36,0.12,False,19,0.03,0,False,0.69
Business_252,L79531TN2002PLC575682,5000.0,10,9,0.69,0.08,True,84,-0.3,1,False,0.47
Business_253,U30631UP1999LLC440140,8555.32,24,20,0.52,0.05,True,68,0.02,0,False,0.58
Business_254,L16895KA1995LLC152179,5000.0,16,5,0.38,0.04,False,134,-0.04,0,True,0.36
Business_255,L45665RJ2011PLC609253,11318.5,20,17,0.7,0.35,False,111,-0.14,4,False,0.55
Business_256,U64287GJ1996LLC219346,25946.82,47,35,0.58,0.14,True,103,0.08,2,True,0.41
Business_257,U66349MH1999LLC811444,52210.14,300,211,0.24,0.07,False,63,0.21,0,True,0.55
Business_258,U79066GJ1991PTC514463,35710.91,100,78,0.54,0.13,True,94,-0.05,0,False,0.61
Business_259,L11007TN1999PTC904624,13508.54,16,8,0.28,0.04,False,44,0.21,3,False,0.54
Business_260,L43491GJ2000PTC108105,12680.98,53,36,0.13,0.07,False,70,0.08,0,False,0.67
Business_261,U66446KA1994PLC658453,24512.74,45,25,0.82,0.04,True,68,0.06,0,False,0.53
Business_262,L75570UP1992PLC878086,5000.0,96,90,0.32,0.05,True,83,0.07,0,False,0.63
Business_263,L67176DL2004PTC428267,6414.87,16,7,0.18,0.08,False,36,0.08,0,False,0.65
Business_264,U85156WB2012LLC537983,92260.06,148,49,0.53,0.1,True,37,0.12,2,False,0.53
Business_265,U25096WB1990PLC280222,7638.49,15,4,0.26,0.09,False,71,0.18,2,False,0.59
Business_266,U57428MH2003PTC355135,5000.0,10,4,0.31,0.27,False,82,-0.14,0,False,0.71
Business_267,U87184WB2006PTC514991,21187.28,106,77,0.27,0.05,False,74,0.43,0,False,0.69
Business_268,U54500TN2000PTC180089,80993.34,215,88,0.16,0.17,False,61,0.21,0,False,0.77
Business_269,L79547TN2018PLC468154,21389.79,10,9,0.9,0.03,True,52,-0.04,0,False,0.51
Business_270,L40968MH1994PLC306854,49487.77,300,291,0.37,0.12,False,57,-0.12,0,False,0.64
Business_271,L88957KA2014LLC179013,32540.13,12,8,0.28,0.05,True,51,0.21,2,False,0.58
Business_272,L92306RJ2004LLC896788,48860.88,86,77,0.6,0.19,True,37,0.01,0,False,0.69
Business_273,U99277UP2017LLC431495,82482.55,69,46,0.58,0.01,False,128,0.25,0,True,0.44
Business_274,L67640MH2005PLC762055,5000.0,33,24,0.82,0.11,False,91,0.19,5,False,0.48
Business_275,U46002DL2001LLC177794,51743.68,110,72,0.2,0.13,True,72,0.26,0,True,0.58
Business_276,U70521RJ1991PTC486649,71784.72,196,189,0.55,0.18,True,81,-0.04,0,False,0.68
Business_277,U20057MH2009LLC631699,74783.86,157,68,0.5,0.17,False,53,0.09,0,False,0.69
Business_278,U70648DL2004LLC783501,33129.79,43,11,0.11,0.08,False,76,0.27,0,False,0.68
Business_279,L52143RJ2006PTC164879,54879.06,192,74,0.87,0.01,False,56,-0.13,0,False,0.44
Business_280,U23566UP2012PTC629057,7186.73,81,66,0.6,0.06,False,55,0.11,0,False,0.64
Business_281,L15130TN2012PLC560767,21372.08,10,6,0.8,0.03,False,35,0.17,6,True,0.24
Business_282,L57696UP2019PLC506235,57945.07,182,22,0.61,0.05,False,50,0.03,0,False,0.53
Business_283,U54350DL2015LLC778748,6569.45,61,38,0.58,0.04,True,29,0.07,0,True,0.41
Business_284,U18639UP1993LLC811332,49148.73,110,96,0.6,0.07,True,57,0.15,2,True,0.41
Business_285,U47243GJ2013LLC731977,23596.8,51,42,0.13,0.09,False,98,0.18,0,False,0.74
Business_286,L53694MH2008LLC248298,14240.78,18,14,0.82,0.01,False,81,0.19,0,True,0.45
Business_287,U50662WB1994LLC843266,33336.53,170,119,0.54,0.05,True,89,-0.03,5,True,0.2
Business_288,L50577WB2010PLC952686,34589.31,86,79,0.75,0.07,True,62,0.0,0,False,0.58
Business_289,L97833MH2010LLC543973,6490.97,16,14,0.6,0.26,True,56,0.3,4,False,0.66
Business_290,U12389UP1999PTC324597,10625.5,14,10,0.76,0.07,False,48,-0.0,0,False,0.58
Business_291,U73736TN1997PTC262471,7218.02,16,15,0.08,0.24,False,52,0.2,0,False,0.89
Business_292,L48770MH2006LLC975686,18611.68,12,4,0.8,0.01,False,5,0.07,0,False,0.51
Business_293,L96760UP2018LLC237414,30446.23,262,116,0.18,0.12,False,77,-0.02,0,False,0.64
Business_294,U30218KA1995LLC908554,10854.28,51,37,0.31,0.13,False,21,0.17,0,False,0.74
Business_295,L67366DL2003PLC809217,11718.76,36,31,0.39,0.18,True,26,0.03,4,True,0.4
Business_296,L68222GJ2014LLC921874,81779.56,156,93,0.62,0.13,False,87,0.31,0,False,0.71
Business_297,U40671TN1999PLC975679,10719.88,53,22,0.54,0.03,True,91,0.12,0,False,0.56
Business_298,L58213RJ2004PLC915922,21768.47,65,0,0.73,0.03,False,84,-0.02,0,False,0.47
Business_299,U75916WB2020PTC956572,32575.08,86,46,0.28,0.29,False,62,0.04,0,True,0.66
Business_300,L89254KA2017PLC154714,16805.27,10,9,0.16,0.03,True,77,0.25,6,True,0.32
Business_301,U58655MH2012LLC992512,54783.41,236,60,0.9,0.08,True,113,-0.03,0,False,0.47
Business_302,L47363MH2014PTC386042,14468.95,36,32,0.32,0.04,True,89,0.31,0,False,0.67
Business_303,U77286KA2016PLC196168,21854.65,26,16,0.46,0.02,False,68,0.14,0,False,0.61
Business_304,L69130UP2019PTC535050,29882.94,240,197,0.49,0.06,False,47,-0.02,1,False,0.56
Business_305,L61964UP1997PLC185569,29485.25,93,86,0.8,0.12,False,73,0.19,0,True,0.56
Business_306,U39430DL2000PTC979940,15340.03,29,25,0.33,0.05,False,74,0.49,0,False,0.69
Business_307,U29142KA1991PLC970068,111844.97,32,31,0.6,0.16,False,106,0.19,0,False,0.74
Business_308,U28191RJ2004LLC105506,10765.56,32,21,0.66,0.03,True,19,0.06,0,False,0.55
Business_309,L12490GJ1996PTC675462,7454.34,30,6,0.27,0.03,True,109,-0.18,0,False,0.43
Business_310,U24573GJ1997PLC227767,7126.28,52,32,0.7,0.03,False,80,0.09,2,False,0.5
Business_311,L41252WB2010LLC579318,21978.67,40,38,0.58,0.19,True,28,0.29,0,True,0.62
Business_312,L24530RJ2009LLC117233,200000.0,224,136,0.68,0.04,False,90,0.17,0,True,0.46
Business_313,L28818GJ2003PTC744674,29413.08,58,50,0.63,0.18,True,53,0.3,0,False,0.75
Business_314,U41531WB1995LLC800674,5000.0,77,58,0.51,0.27,False,99,0.5,0,True,0.7
Business_315,L78614UP1992LLC670511,26256.72,10,8,0.82,0.06,True,110,0.29,0,False,0.6
Business_316,L61177RJ1991LLC505674,17590.6,57,56,0.38,0.09,False,84,0.03,0,False,0.67
Business_317,U43246DL2001PTC461551,5000.0,13,3,0.87,0.19,True,76,0.24,0,True,0.52
Business_318,L96127MH2014LLC870899,5000.0,75,71,0.3,0.08,False,15,0.16,0,False,0.72
Business_319,U27486DL2001LLC454992,48074.08,209,203,0.13,0.17,False,74,0.13,0,False,0.8
Business_320,L99742RJ2012PLC762423,12163.06,26,2,0.22,0.23,False,72,-0.16,2,False,0.56
Business_321,L27675MH2012PLC138780,38871.98,84,27,0.64,0.02,True,121,0.23,0,False,0.53
Business_322,U36422DL2015PTC143941,5020.54,22,10,0.58,0.15,True,55,0.48,0,True,0.54
Business_323,U50642WB2016LLC596395,7155.76,59,38,0.1,0.07,False,67,0.06,0,False,0.66
Business_324,U14799TN1999PLC918771,26489.25,68,40,0.64,0.21,False,49,0.0,0,False,0.69
Business_325,L95948UP1998PTC938171,55976.94,272,270,0.52,0.33,False,44,-0.03,0,False,0.81
Business_326,U67272WB2013PLC505426,22452.85,28,27,0.18,0.21,False,47,-0.07,0,False,0.75
Business_327,U34486RJ2012PLC485191,8297.18,56,50,0.47,0.1,True,56,0.26,0,False,0.7
Business_328,U20828WB1992PLC731718,5000.0,10,9,0.78,0.21,False,44,0.24,3,False,0.67
Business_329,L81496GJ2000PTC183958,7308.01,12,11,0.61,0.04,True,94,-0.03,0,False,0.55
Business_330,U96628GJ1999PLC731894,33875.98,147,60,0.03,0.16,False,81,-0.03,0,False,0.68
Business_331,U31842RJ2001PLC144412,42550.99,78,44,0.27,0.15,False,64,0.04,0,False,0.69
Business_332,U90589WB1998LLC929924,13366.44,112,55,0.24,0.04,True,50,0.17,3,True,0.35
Business_333,L19835WB2001LLC940010,8953.26,28,27,0.29,0.02,True,32,0.0,0,False,0.58
Business_334,L14081KA2017LLC811027,87437.31,155,93,0.82,0.21,False,72,0.21,0,False,0.75
Business_335,U14561KA1992PTC916332,17119.34,77,63,0.66,0.07,True,107,0.0,0,False,0.55
Business_336,U57467WB2020LLC133958,5000.0,45,28,0.56,0.04,False,54,0.13,0,False,0.61
Business_337,L99006RJ2020PLC490084,5090.44,78,54,0.35,0.04,True,55,0.05,3,False,0.47
Business_338,U20077KA2006PLC517368,81048.53,79,64,0.9,0.09,False,82,0.15,0,False,0.65
Business_339,U95139GJ1997PTC127172,5000.0,24,1,0.43,0.07,True,60,0.2,0,False,0.59
Business_340,L75410WB2019LLC223481,85824.32,95,80,0.65,0.14,False,54,0.18,0,False,0.73
Business_341,U44116RJ1996LLC399449,45920.86,134,32,0.65,0.06,False,31,0.26,0,False,0.61
Business_342,U36237MH1994PTC574001,5000.0,16,12,0.25,0.09,False,97,0.04,0,False,0.67
Business_343,L68341MH2015LLC986593,29796.19,172,118,0.63,0.03,True,58,0.07,0,False,0.56
Business_344,U97535UP2012PTC676713,5000.0,10,6,0.65,0.19,True,49,-0.04,4,False,0.48
Business_345,U49315KA2012LLC834233,200000.0,300,144,0.11,0.01,False,61,0.24,0,False,0.65
Business_346,L57381TN1993PTC930541,14556.97,26,8,0.6,0.24,False,88,-0.22,0,False,0.62
Business_347,L41029RJ1990PLC680933,33836.51,87,70,0.89,0.05,True,74,0.34,0,False,0.61
Business_348,U71263KA2009PTC168941,22767.1,45,35,0.6,0.07,False,62,0.2,0,True,0.53
Business_349,U62187RJ2006PLC906527,30762.49,68,56,0.53,0.08,True,28,0.07,0,False,0.62
Business_350,U85353MH1994PLC773540,16147.95,57,38,0.76,0.16,True,54,0.21,0,False,0.7
Business_351,L68979RJ2011LLC461249,102118.69,300,51,0.83,0.17,False,68,-0.18,6,False,0.33
Business_352,L82260KA2014PTC553633,5000.0,10,8,0.72,0.01,True,78,-0.09,0,False,0.48
Business_353,L26274KA1999PTC269834,17367.99,23,18,0.1,0.1,False,85,0.27,0,False,0.75
Business_354,U39552UP2020LLC397846,9576.65,123,80,0.72,0.06,False,75,0.04,0,False,0.58
Business_355,L42847TN2010LLC387782,13076.05,64,62,0.57,0.29,True,56,0.19,0,False,0.85
Business_356,L91922GJ2009LLC197966,43765.12,75,43,0.2,0.03,False,60,0.18,0,False,0.65
Business_357,L87569KA1995LLC754813,5000.0,17,12,0.51,0.02,True,61,0.06,0,True,0.41
Business_358,U83874DL2016PTC185168,67327.05,158,122,0.49,0.14,False,71,-0.26,0,False,0.59
Business_359,L94076GJ2010PTC904214,5000.0,295,262,0.38,0.05,True,47,0.07,3,False,0.5
Business_360,U91016DL2005LLC672079,192633.97,300,75,0.37,0.08,False,59,-0.21,0,False,0.5
Business_361,U94136GJ2005PTC943776,22486.72,32,29,0.58,0.12,False,62,0.03,0,False,0.67
Business_362,U48985RJ1992LLC162823,108576.29,146,5,0.46,0.06,True,87,0.31,0,True,0.43
Business_363,L67619WB2005PLC313933,17663.15,94,51,0.39,0.08,False,33,0.07,0,False,0.63
Business_364,U89516KA2000LLC434827,6529.95,33,26,0.73,0.29,True,126,0.08,2,False,0.67
Business_365,U62260KA2014PLC639995,11857.87,111,70,0.36,0.12,True,132,0.08,0,False,0.63
Business_366,L51827TN2004PTC380464,32645.05,10,9,0.78,0.09,False,78,0.06,0,False,0.63
Business_367,U42495KA1993PTC404309,86677.82,10,5,0.45,0.0,True,90,-0.09,0,False,0.47
Business_368,U90658WB1997PTC952993,8486.9,81,79,0.53,0.1,False,36,0.22,4,True,0.42
Business_369,U85718UP1996PTC622469,14371.15,24,1,0.93,0.1,False,55,-0.11,0,False,0.48
Business_370,U75373GJ2005PTC194423,5000.0,10,8,0.72,0.1,True,50,0.13,4,True,0.33
Business_371,U76249RJ2020PTC325595,12812.79,10,8,0.07,0.06,False,103,0.04,0,False,0.64
Business_372,U16377DL1999PLC726543,50963.11,10,6,0.17,0.08,False,107,0.16,0,False,0.67
Business_373,U47453DL2017PTC551860,5000.0,195,49,0.6,0.13,False,74,0.28,0,False,0.67
Business_374,L44664UP2014PLC483713,39343.42,10,8,0.27,0.14,True,70,-0.13,0,False,0.62
Business_375,L62505DL2008LLC304110,21694.19,10,8,0.52,0.05,False,94,0.08,0,False,0.62
Business_376,U82512GJ1992PLC628750,27115.91,249,126,0.34,0.11,False,90,-0.22,0,False,0.56
Business_377,U82070GJ2016LLC813449,171295.53,300,247,0.72,0.04,False,71,0.18,3,False,0.52
Business_378,L26864MH2002PLC933510,49903.62,35,29,0.18,0.03,True,26,0.01,0,False,0.59
Business_379,U83116UP2014PTC308727,67982.76,82,60,0.58,0.08,True,119,0.08,0,True,0.44
Business_380,U75546DL1991PTC243693,18272.21,39,32,0.34,0.09,True,87,0.21,0,False,0.7
Business_381,U72094RJ1994LLC640546,38333.99,41,22,0.07,0.14,False,81,0.25,0,False,0.76
Business_382,L52987UP1995PLC746447,51883.04,96,94,0.76,0.18,True,59,0.18,0,False,0.74
Business_383,U87820UP2006LLC658198,20278.63,13,5,0.42,0.09,False,55,-0.09,0,True,0.41
Business_384,U83783GJ2005PTC486251,12079.33,47,46,0.59,0.04,True,91,0.13,2,False,0.54
Business_385,U98317MH2003LLC422623,26511.67,91,50,0.18,0.04,True,81,-0.03,0,False,0.56
Business_386,L88238RJ1998LLC920934,74443.6,61,34,0.51,0.02,True,39,0.23,0,False,0.6
Business_387,L16731RJ1995LLC759580,26001.27,10,6,0.27,0.32,False,46,-0.03,1,False,0.76
Business_388,U29369TN1991LLC834549,10098.5,37,28,0.24,0.01,False,96,0.05,0,False,0.6
Business_389,L35006DL2004PLC539122,187583.58,14,10,0.2,0.15,False,48,0.08,0,False,0.73
Business_390,L64127TN2003LLC912617,91737.49,98,80,0.55,0.01,True,22,-0.12,0,True,0.34
Business_391,U18163KA2006PTC688132,25585.61,58,36,0.73,0.09,True,54,0.18,0,False,0.63
Business_392,U96799RJ2006PLC428993,7130.66,38,27,0.45,0.1,True,98,0.03,0,False,0.62
Business_393,L70249UP2007PLC808699,136366.83,10,9,0.13,0.16,False,89,0.03,0,False,0.75
Business_394,U89963RJ1996PTC392559,29547.41,123,114,0.73,0.01,False,57,0.04,4,False,0.41
Business_395,U39473GJ2014PLC839142,8973.15,15,14,0.64,0.14,False,67,0.03,0,False,0.68
Business_396,L74094UP2005PLC687713,10700.71,24,13,0.49,0.13,True,39,0.2,0,False,0.69
Business_397,U47721MH2008LLC669576,59587.08,193,168,0.35,0.02,False,51,0.14,0,False,0.65
Business_398,U61712UP2020PTC404561,60115.65,300,76,0.88,0.07,True,116,0.1,0,False,0.51
Business_399,L47700MH2001PLC787836,19031.91,135,112,0.24,0.02,False,61,0.03,0,False,0.61
Business_400,U72793TN1996LLC384303,30897.69,49,16,0.56,0.08,False,22,0.1,0,False,0.61
Business_401,U27992MH2009LLC715336,5000.0,92,66,0.2,0.26,True,58,0.03,5,False,0.58
Business_402,L41779DL2011LLC336633,32621.39,66,28,0.85,0.08,True,121,0.09,0,False,0.53
Business_403,L16880MH2003PLC852204,17656.37,37,29,0.11,0.02,True,97,0.21,0,False,0.66
Business_404,U23178KA1990LLC265613,21489.03,15,9,0.31,0.05,False,63,0.18,0,False,0.66
Business_405,U95575RJ2005LLC309144,25245.36,34,2,0.68,0.06,True,65,0.18,0,False,0.56
Business_406,U52096GJ2010PTC906066,22424.7,12,11,0.5,0.06,False,97,0.05,0,False,0.64
Business_407,L95498TN2007LLC858243,5611.8,62,24,0.64,0.05,True,58,0.05,0,True,0.39
Business_408,L32946WB2018PTC138105,5000.0,70,67,0.6,0.1,True,8,0.21,3,False,0.57
Business_409,U74930KA2019LLC403528,62069.91,105,33,0.23,0.08,False,59,0.17,0,False,0.66
Business_410,L11214GJ2008LLC212512,9736.41,14,13,0.37,0.02,True,74,-0.01,0,False,0.57
Business_411,U47298RJ2010LLC649787,5000.0,10,2,0.3,0.06,False,68,0.19,0,False,0.64
Business_412,U27589RJ1998PTC948102,26025.95,148,112,0.78,0.01,True,72,0.04,0,False,0.52
Business_413,L53343KA2013PLC779776,47723.2,97,73,0.75,0.08,False,103,0.05,0,False,0.59
Business_414,U34405DL2013PLC929179,95010.47,300,253,0.37,0.08,True,134,0.03,0,True,0.45
Business_415,U84420TN1995LLC997734,46237.55,54,25,0.4,0.23,False,73,-0.03,0,False,0.71
Business_416,U66059UP1992PLC801765,56769.66,60,29,0.62,0.06,False,89,0.25,2,False,0.56
Business_417,L34219KA2005PLC360096,6662.28,16,9,0.63,0.08,True,71,-0.14,0,False,0.51
Business_418,L44181WB1997PLC890371,7805.75,39,28,0.48,0.05,True,59,0.06,0,True,0.44
Business_419,U53204GJ2008LLC700705,15010.7,10,8,0.69,0.26,True,89,0.26,4,False,0.64
Business_420,L44282UP2012PTC165142,37456.34,118,98,0.78,0.06,False,18,0.03,0,False,0.59
Business_421,L71000GJ1995PLC819400,34298.49,81,77,0.69,0.05,True,32,0.13,0,False,0.62
Business_422,U25389GJ2001LLC331577,5000.0,30,27,0.56,0.08,True,93,-0.07,0,False,0.57
Business_423,L27507RJ1994PLC884056,18918.22,41,21,0.45,0.1,True,67,0.25,0,False,0.66
Business_424,U64505RJ2014LLC940952,91129.6,87,65,0.56,0.1,True,48,0.03,0,False,0.61
Business_425,L42435MH2006PLC653829,24586.98,96,72,0.91,0.06,True,89,0.04,2,True,0.32
Business_426,U20237MH1991LLC630041,20807.7,73,56,0.69,0.16,True,83,0.14,0,False,0.69
Business_427,L85065KA1995PLC995993,43004.34,10,2,0.98,0.03,True,63,0.25,0,False,0.52
Business_428,U25235TN2012LLC612573,15888.01,52,49,0.12,0.18,True,105,-0.14,0,False,0.65
Business_429,L76895RJ2015PTC575458,26434.92,18,16,0.96,0.24,False,51,0.01,0,False,0.72
Business_430,L77272WB2004LLC160541,6453.43,19,7,0.3,0.35,False,66,0.02,0,False,0.79
Business_431,U98181GJ2013PTC515182,12115.66,14,7,0.35,0.03,True,67,0.08,3,True,0.3
Business_432,U10395TN2008PTC147489,200000.0,300,220,0.41,0.08,False,120,0.01,0,False,0.6
Business_433,U55158MH2007PTC172371,120751.45,184,99,0.51,0.07,True,29,-0.03,3,True,0.28
Business_434,U14159GJ2003PTC906325,26346.49,117,104,0.64,0.1,True,44,0.04,0,True,0.47
Business_435,L94085WB2001PLC570325,34385.16,114,104,0.83,0.1,True,81,-0.15,0,False,0.54
Business_436,U59236MH2011LLC665497,33210.93,76,58,0.35,0.06,False,76,0.03,0,True,0.48
Business_437,L95660UP1993PTC663356,63854.65,300,263,0.33,0.12,True,62,0.05,0,False,0.67
Business_438,U79316KA2013PTC975373,32551.18,300,254,0.41,0.17,True,30,-0.02,0,False,0.68
Business_439,L12979GJ2004LLC854024,9621.57,19,7,0.22,0.1,True,76,0.12,0,False,0.64
Business_440,U79721WB2016PTC359535,15240.06,37,35,0.66,0.1,True,77,-0.01,0,False,0.61
Business_441,U55371KA1998PTC860242,183266.41,300,138,0.38,0.05,False,55,0.09,0,False,0.61
Business_442,L14222WB2009PTC352356,111846.17,94,86,0.44,0.04,True,74,0.11,0,False,0.62
Business_443,L18819MH2009PTC568127,46699.27,120,83,0.82,0.11,True,63,0.29,0,False,0.65
Business_444,L42077DL2002PLC345722,21840.57,61,42,0.44,0.17,True,118,0.06,0,False,0.66
Business_445,L17398KA2006PLC345536,89071.74,134,64,0.5,0.02,True,12,0.22,0,False,0.59
Business_446,U85690UP1997PLC250219,53072.25,71,58,0.56,0.12,True,118,-0.13,3,False,0.43
Business_447,L64206GJ1998PTC683761,15276.81,206,159,0.84,0.22,True,46,0.0,3,True,0.41
Business_448,L92050WB2007PLC149161,161305.38,300,197,0.16,0.05,True,63,-0.09,0,False,0.56
Business_449,U94320WB2015LLC434217,65497.26,10,3,0.04,0.04,False,52,0.15,0,False,0.64
Business_450,U63511KA1999PLC292811,12737.52,35,13,0.59,0.05,False,71,-0.01,0,False,0.54
Business_451,U41584TN1999LLC251363,15053.18,42,36,0.04,0.12,False,94,0.21,0,False,0.78
Business_452,U17552WB2020PLC684357,6139.47,10,7,0.67,0.03,True,129,0.12,0,False,0.55
Business_453,L60910TN1998PTC446305,200000.0,24,20,0.62,0.06,False,145,0.36,0,False,0.65
Business_454,L68954UP1992LLC859782,200000.0,300,210,0.39,0.09,False,120,0.4,0,False,0.68
Business_455,L16755GJ2002LLC734356,14790.13,234,215,0.33,0.01,True,31,0.1,6,False,0.4
Business_456,L19539TN2015LLC859489,35281.36,115,99,0.48,0.07,True,59,0.14,3,False,0.53
Business_457,L72835TN2017PLC417915,151514.32,300,247,0.65,0.08,False,81,0.3,0,False,0.68
Business_458,L37762TN2020LLC223014,14494.58,82,76,0.7,0.16,False,63,-0.06,0,False,0.66
Business_459,U41797TN2002PTC678897,14317.31,104,86,0.51,0.27,True,51,-0.05,3,False,0.62
Business_460,U47101WB2004LLC780233,5000.0,26,16,0.77,0.08,True,67,-0.05,0,False,0.53
Business_461,U50425GJ2001LLC621433,14179.29,13,12,0.21,0.08,False,91,0.32,0,False,0.74
Business_462,U22924RJ2014PLC312994,6311.24,134,92,0.54,0.24,True,71,-0.01,0,False,0.71
Business_463,U51015WB1991LLC332022,69490.39,58,37,0.04,0.15,False,31,0.06,0,False,0.73
Business_464,L12125GJ2007LLC707275,6000.87,46,38,0.16,0.29,False,56,0.16,0,True,0.74
Business_465,U48691KA1996PLC341192,87601.46,136,76,0.37,0.09,True,150,0.18,0,False,0.64
Business_466,U84683TN2005LLC786406,122946.09,300,70,0.9,0.07,False,18,-0.02,1,False,0.47
Business_467,U43728RJ2020LLC772865,82457.49,278,172,0.89,0.06,True,83,-0.04,0,True,0.36
Business_468,U70401KA2013PLC277487,11211.31,10,7,0.38,0.14,False,55,0.03,0,False,0.68
Business_469,L81636RJ1995LLC772985,18981.13,50,18,0.68,0.06,True,34,-0.07,0,False,0.49
Business_470,L78674DL2016PTC957730,14775.35,38,21,0.12,0.08,False,121,-0.24,0,False,0.53
Business_471,L10836WB1994LLC342675,26968.09,93,69,0.43,0.01,True,54,0.42,0,False,0.61
Business_472,L29795DL1996LLC578160,148964.52,300,222,0.7,0.25,False,142,-0.08,0,False,0.68
Business_473,U17923RJ2011PLC116495,5000.0,142,106,0.09,0.08,False,100,0.04,0,False,0.67
Business_474,L79758WB1990PTC655134,115408.54,245,179,0.88,0.13,False,68,0.22,0,False,0.69
Business_475,U80220GJ1990LLC952657,96923.77,130,126,0.98,0.13,False,109,0.1,0,True,0.49
Business_476,U33496MH2019PTC649857,5000.0,21,19,0.88,0.06,False,33,-0.06,0,False,0.55
Business_477,L41584TN2009LLC364679,16293.18,20,4,0.62,0.12,False,69,0.3,0,False,0.66
Business_478,U45038WB1992PLC525750,12460.07,28,25,0.36,0.02,False,38,0.08,0,False,0.62
Business_479,U84055TN2012PTC414546,17322.47,25,24,0.37,0.06,True,115,-0.06,0,False,0.56
Business_480,L95686DL1992PLC497687,8050.35,10,8,0.46,0.12,True,91,-0.05,0,False,0.62
Business_481,U82443RJ1991LLC109909,18493.89,23,3,0.66,0.1,True,108,-0.03,0,False,0.49
Business_482,L20837RJ2017PLC776234,5000.0,10,8,0.47,0.09,False,52,0.27,0,True,0.56
Business_483,U84167MH2018LLC144618,5000.0,10,8,0.81,0.04,False,54,0.37,0,True,0.48
Business_484,L37710RJ1998PTC177959,13111.43,35,17,0.59,0.02,False,36,0.23,0,False,0.61
Business_485,U81176DL1995PLC116418,26178.55,54,39,0.48,0.14,False,74,0.19,0,False,0.74
Business_486,L86943KA2014LLC960778,9323.89,13,3,0.37,0.08,True,117,-0.03,0,False,0.52
Business_487,U20084GJ1995LLC352153,21365.1,53,30,0.43,0.14,True,73,0.05,0,False,0.65
Business_488,U98740UP2002LLC246748,25286.89,71,49,0.51,0.09,True,109,-0.11,0,False,0.53
Business_489,L75639UP1991PTC558320,7029.62,60,44,0.12,0.15,False,42,0.0,0,False,0.71
Business_490,L19963UP2009LLC724540,56801.74,11,7,0.31,0.04,False,56,-0.1,0,False,0.55
Business_491,U52778DL2010PLC921609,19466.99,10,8,0.18,0.04,False,87,0.07,0,False,0.65
Business_492,U74304TN2001LLC493663,30248.29,53,47,0.46,0.16,True,104,0.09,5,True,0.33
Business_493,U34345WB1992LLC409727,10023.19,112,27,0.59,0.09,False,63,0.05,2,False,0.5
Business_494,L19634MH1998PTC498458,64911.5,53,47,0.87,0.03,True,117,0.29,0,False,0.58
Business_495,L61068UP2001PTC195966,14020.64,10,5,0.89,0.11,True,67,-0.0,5,False,0.35
Business_496,L50405RJ2001PLC207197,38839.94,129,117,0.17,0.02,True,55,0.16,0,False,0.65
Business_497,L21442KA2003PLC684041,8059.97,17,11,0.63,0.01,True,61,0.03,1,False,0.48
Business_498,U23538DL1992PLC681141,46733.19,103,57,0.67,0.05,False,64,0.3,0,False,0.63
Business_499,L88240UP2017PLC112940,6007.58,12,9,0.15,0.18,False,94,-0.11,0,False,0.69
Business_500,U64238WB2014PTC860053,57484.06,54,46,0.58,0.14,True,53,0.03,0,False,0.66
Business_501,L84967KA2011PLC277735,26124.2,79,73,0.46,0.03,False,91,-0.04,0,True,0.43
Business_502,L45247GJ1998PLC253023,14550.69,78,45,0.26,0.07,False,106,0.1,0,False,0.63
Business_503,L31916WB1998PLC414313,25938.22,38,18,0.6,0.2,True,87,0.05,0,True,0.52
Business_504,U20082UP1998PTC855917,66111.19,181,148,0.68,0.19,True,15,-0.04,0,False,0.66
Business_505,U87831TN2004PTC242071,8218.99,10,9,0.21,0.06,True,129,0.09,0,False,0.63
Business_506,U10887WB2000LLC498343,200000.0,300,47,0.63,0.11,True,31,0.11,0,False,0.59
Business_507,U67700UP2003LLC723266,12362.98,31,21,0.74,0.02,True,99,0.27,0,False,0.59
Business_508,L49378UP2009LLC310608,64172.42,137,125,0.47,0.06,False,49,0.27,0,False,0.69
Business_509,U51180KA2020PLC434640,6496.55,10,2,0.68,0.03,True,95,0.11,0,True,0.37
Business_510,U92955RJ2020LLC919959,200000.0,300,294,0.85,0.04,True,68,0.22,0,False,0.62
Business_511,L52714WB1998PLC482746,5000.0,10,2,0.34,0.07,False,70,0.16,0,False,0.63
Business_512,L83905TN2008LLC288667,35488.31,34,27,0.53,0.07,True,42,0.19,0,False,0.66
Business_513,L70505TN2004PLC971662,8426.78,10,3,0.35,0.12,True,53,0.24,2,False,0.59
Business_514,L63627RJ1994LLC417543,15790.1,65,52,0.63,0.11,True,53,0.29,6,True,0.33
Business_515,L43119KA2012PLC927406,24365.97,74,48,0.54,0.02,False,39,0.23,0,False,0.63
Business_516,U19694RJ2009PLC710527,15896.27,99,97,0.26,0.02,True,69,0.03,0,False,0.6
Business_517,U80040WB2007PTC929130,14746.3,24,6,0.72,0.1,True,135,-0.07,0,False,0.49
Business_518,U80373MH1993PTC789545,22681.3,36,23,0.66,0.09,False,97,-0.05,0,False,0.58
Business_519,U31802DL2008LLC810380,30769.09,75,67,0.58,0.06,True,38,0.12,0,False,0.63
Business_520,U53463WB1993PTC203396,87353.56,300,286,0.91,0.04,True,25,0.26,1,True,0.42
Business_521,U39098TN2004PLC510133,16983.2,95,56,0.78,0.27,True,73,-0.19,0,False,0.63
Business_522,U99070KA2001PTC606222,101846.3,116,100,0.59,0.17,False,73,0.01,0,False,0.7
Business_523,L48722WB2019PTC221707,16294.72,39,21,0.52,0.06,True,92,0.32,0,False,0.63
Business_524,L55656GJ2000PLC922366,5000.0,10,9,0.67,0.07,False,92,0.08,0,False,0.64
Business_525,L78303RJ2001PLC202365,21806.63,56,14,0.25,0.21,True,146,0.11,4,False,0.53
Business_526,U69303UP1992PLC146853,33558.13,140,111,0.42,0.1,False,81,0.18,0,False,0.71
Business_527,L12960UP2010PTC810032,16725.57,15,1,0.64,0.17,True,83,0.5,0,True,0.51
Business_528,L41970KA2007PTC447067,23985.31,68,36,0.44,0.09,True,83,0.13,0,False,0.63
Business_529,U70562TN2015PLC760351,5527.77,10,8,0.09,0.02,True,52,0.14,0,True,0.49
Business_530,L34430WB2002PTC873207,10746.04,43,38,0.61,0.01,True,54,0.0,0,True,0.39
Business_531,L68926WB2002PTC838968,56585.8,153,119,0.82,0.07,True,89,0.43,0,True,0.48
Business_532,L36972GJ2014LLC948014,5301.04,10,7,0.18,0.04,False,117,0.17,0,False,0.65
Business_533,L85674MH2015LLC296041,10782.16,37,16,0.48,0.06,False,136,-0.1,0,False,0.51
Business_534,U52727TN2004PTC375097,17827.63,94,29,0.77,0.19,True,40,-0.05,0,False,0.59
Business_535,U79168UP2009PLC741003,5774.71,214,184,0.53,0.05,False,51,0.19,0,False,0.67
Business_536,U86939MH2001PLC986589,39317.34,66,65,0.16,0.07,True,76,-0.16,0,True,0.43
Business_537,U90918KA2016LLC840282,13098.14,18,8,0.27,0.11,False,79,0.2,0,False,0.71
Business_538,U90541MH2011PTC428399,12558.99,34,23,0.32,0.02,False,47,0.24,0,False,0.65
Business_539,L41270GJ1993PTC491439,28560.94,126,48,0.62,0.05,False,83,-0.16,0,True,0.33
Business_540,L76954WB2003LLC244564,60572.17,93,70,0.05,0.02,True,88,0.38,3,True,0.39
Business_541,U65448KA2005LLC663483,5000.0,17,7,0.61,0.17,True,57,0.05,0,False,0.64
Business_542,L82733KA2005PLC247111,116727.69,300,264,0.73,0.03,False,87,0.47,0,False,0.64
Business_543,L51232RJ2009PTC476479,5000.0,87,64,0.47,0.16,True,71,0.07,0,False,0.69
Business_544,L73518KA1996PLC688861,5000.0,17,14,0.25,0.07,False,101,0.03,0,False,0.63
Business_545,U63626RJ2003LLC980690,81219.45,132,73,0.35,0.07,False,91,0.09,0,False,0.64
Business_546,U74054KA1992LLC132359,195356.11,300,254,0.48,0.18,False,68,-0.06,0,False,0.69
Business_547,L48284DL1998PTC663723,67184.77,75,41,0.71,0.21,False,86,0.05,0,False,0.7
Business_548,U32047RJ2008LLC910074,28501.63,58,25,0.13,0.08,True,117,0.01,0,False,0.58
Business_549,U82053MH2008PTC380901,7788.28,29,19,0.85,0.03,True,60,0.27,0,False,0.58
Business_550,U81046DL2014LLC562806,58249.83,126,121,0.31,0.01,False,56,0.08,0,False,0.63
Business_551,L65725MH2013LLC887842,5000.0,15,11,0.92,0.09,True,96,0.09,0,False,0.59
Business_552,L49021DL2004PLC465509,27425.16,64,54,0.39,0.07,False,34,0.19,5,False,0.5
Business_553,L67549MH2014PTC320073,99439.6,242,234,0.54,0.11,True,85,0.2,7,False,0.51
Business_554,U89988WB1995LLC245998,5000.0,300,229,0.38,0.07,False,45,-0.07,0,False,0.6
Business_555,L37124DL2008PLC658136,5000.0,56,31,0.47,0.11,True,71,0.17,0,False,0.66
Business_556,U88231KA2000LLC406849,36997.53,58,55,0.38,0.1,True,91,0.1,0,False,0.68
Business_557,U85069GJ2020LLC812296,134073.39,178,151,0.72,0.06,False,90,-0.15,4,False,0.37
Business_558,L27771WB2019PTC390794,5000.0,10,5,0.35,0.12,False,16,0.05,0,False,0.66
Business_559,L27392TN1994LLC437742,7357.44,64,44,0.73,0.11,True,66,0.05,3,False,0.49
Business_560,L98635WB2005PTC705474,49089.28,153,80,0.49,0.04,False,46,0.23,0,False,0.64
Business_561,U92288WB2002PLC179184,5000.0,42,35,0.55,0.06,False,27,0.17,1,False,0.63
Business_562,L62802GJ2012PLC576782,15502.13,30,5,0.94,0.11,True,40,0.08,0,True,0.39
Business_563,U52898DL2017LLC197666,22380.78,63,47,0.41,0.03,False,59,0.17,0,True,0.5
Business_564,U93209UP2017PTC934328,24535.65,51,48,0.16,0.1,False,50,0.3,0,False,0.76
Business_565,U38551WB2016PTC618746,33114.24,118,98,0.24,0.07,True,119,0.33,0,False,0.67
Business_566,U52318GJ2000LLC706007,14782.61,10,8,0.31,0.12,False,84,-0.19,0,False,0.6
Business_567,L84205RJ2015PLC815707,30418.4,62,50,0.04,0.01,False,47,0.13,0,False,0.66
Business_568,L16021MH2010PLC117072,127780.91,300,152,0.89,0.08,True,70,0.3,0,False,0.6
Business_569,L30707RJ2004PTC548580,35639.0,99,29,0.71,0.11,True,36,-0.16,0,False,0.49
Business_570,L27290GJ1995PLC197874,11385.51,31,28,0.85,0.13,True,43,0.19,0,False,0.68
Business_571,U42819MH2001LLC780432,46540.46,33,27,0.69,0.08,True,118,0.31,0,False,0.63
Business_572,L16787WB2010PLC861253,15595.42,31,26,0.52,0.04,False,59,0.25,0,False,0.67
Business_573,L66260MH2012PTC101139,7690.6,34,33,0.67,0.12,False,61,-0.04,0,False,0.64
Business_574,L72496MH1994LLC337178,200000.0,300,178,0.27,0.13,False,87,0.25,0,False,0.74
Business_575,U11217DL2012PLC956800,36282.24,20,13,0.25,0.1,False,58,0.06,0,False,0.67
Business_576,L65353KA2005PTC340068,20564.62,46,42,0.45,0.21,True,90,0.26,0,False,0.8
Business_577,U21708MH1993PLC485416,5000.0,21,19,0.82,0.19,True,53,0.09,0,True,0.55
Business_578,U27973WB2014PTC772741,15501.24,43,36,0.94,0.07,False,88,0.15,0,False,0.63
Business_579,L18966DL2009LLC272088,198550.27,10,3,0.81,0.03,False,18,0.26,3,False,0.45
Business_580,U56030TN2010LLC258727,5487.34,10,7,0.78,0.06,True,48,-0.05,0,False,0.52
Business_581,U90750RJ2017PTC190898,10992.68,38,3,0.37,0.02,False,97,0.08,0,False,0.54
Business_582,L28351MH2008LLC502686,16322.52,84,16,0.23,0.02,False,30,0.04,0,True,0.4
Business_583,U66280UP2015PTC359822,12235.85,14,9,0.49,0.05,False,81,0.0,0,False,0.58
Business_584,U94491MH1997LLC730193,13216.72,42,38,0.73,0.11,True,72,-0.05,0,False,0.59
Business_585,U13515GJ1996LLC736408,5133.03,70,29,0.76,0.06,True,23,0.06,3,False,0.42
Business_586,L61347GJ2010PTC921875,19833.12,62,40,0.46,0.27,True,102,0.09,2,False,0.67
Business_587,L74865WB1993PTC623850,7088.88,32,19,0.16,0.1,False,88,0.01,0,False,0.66
Business_588,L79243DL2001PLC238394,101361.28,142,133,0.54,0.09,False,79,0.21,0,True,0.56
Business_589,U84498WB2001LLC816116,38346.9,142,134,0.06,0.06,True,79,0.31,0,False,0.71
Business_590,L71736MH1990LLC170813,159878.47,68,27,0.8,0.06,True,45,-0.05,0,False,0.49
Business_591,L44365TN1991PTC927630,18078.87,44,28,0.29,0.04,False,122,0.08,0,True,0.45
Business_592,U76402GJ2010LLC625387,123312.87,300,272,0.41,0.06,False,34,0.04,0,False,0.64
Business_593,U65518WB1992LLC662628,13189.41,82,33,0.41,0.09,False,62,0.14,0,False,0.65
Business_594,L46368MH1999PTC636141,14330.57,51,48,0.38,0.03,True,81,0.09,0,True,0.46
Business_595,L30365UP2002LLC765105,58331.35,143,115,0.39,0.14,False,66,0.07,0,False,0.71
Business_596,L50654WB2013PTC160718,30298.91,54,28,0.69,0.05,True,75,0.08,0,False,0.55
Business_597,L21300WB1993PLC742039,12171.98,40,12,0.75,0.23,True,75,0.27,4,False,0.56
Business_598,L50539KA1993PTC842287,11921.26,40,18,0.5,0.03,False,64,0.16,0,False,0.61
Business_599,L11487KA2005PLC648410,7620.14,158,139,0.71,0.27,True,105,0.07,0,False,0.74
Business_600,U31884UP1994LLC919067,24633.61,92,25,0.42,0.06,False,24,0.01,0,False,0.56
Business_601,U25473DL2000PLC385192,43493.73,90,84,0.67,0.21,False,66,0.01,0,False,0.73
Business_602,L44465MH2005PLC635593,5000.0,10,7,0.61,0.05,False,84,0.12,0,False,0.62
Business_603,U17266RJ2017LLC274987,174875.72,300,182,0.74,0.03,False,59,-0.13,0,False,0.49
Business_604,U30618GJ2014PTC701790,39397.51,112,8,0.67,0.09,True,87,0.05,0,False,0.53
Business_605,L39937DL1991PTC356430,24498.45,115,102,0.15,0.06,True,13,0.25,0,False,0.7
Business_606,L71835UP2002PTC287654,9148.56,15,13,0.61,0.08,True,130,0.09,2,True,0.37
Business_607,L82465WB1997PLC360322,6927.08,59,57,0.12,0.07,False,61,0.15,0,False,0.72
Business_608,U51934GJ2016PTC699298,48406.9,110,74,0.52,0.22,False,55,0.04,0,False,0.74
Business_609,U25650DL1995PTC943409,11130.56,95,75,0.32,0.08,True,92,0.21,0,True,0.54
Business_610,L62550MH2018PLC396020,21554.17,69,58,0.33,0.13,True,65,0.21,0,False,0.73
Business_611,U52899MH2007PLC108356,43598.77,146,50,0.89,0.06,True,30,0.16,0,False,0.56
Business_612,U36302GJ2008PLC875501,15192.85,98,89,0.72,0.03,True,31,0.04,0,True,0.41
Business_613,L70807UP2008PLC910143,46026.99,43,25,0.51,0.13,False,105,-0.12,2,False,0.49
Business_614,L81638TN1994PTC529954,5000.0,10,1,0.27,0.09,False,150,0.2,0,False,0.63
Business_615,L40539UP2010LLC110060,16867.25,13,6,0.79,0.11,False,5,0.22,0,False,0.66
Business_616,U10191WB2017LLC862540,22524.19,87,31,0.29,0.07,True,107,-0.14,0,False,0.49
Business_617,U23624TN2006PTC540208,18400.26,72,37,0.38,0.08,False,52,0.24,0,False,0.68
Business_618,U17850KA2012PLC197545,5000.0,10,1,0.21,0.09,False,36,-0.08,0,False,0.56
Business_619,L40339WB2012PLC580728,28756.75,127,24,0.51,0.14,True,87,0.19,2,True,0.43
Business_620,L86122MH2006PTC768169,133127.74,300,275,0.11,0.06,True,94,0.32,0,False,0.71
Business_621,U19808DL2003LLC237057,26598.56,81,40,0.52,0.07,False,54,0.02,0,True,0.44
Business_622,L48230GJ2017PLC939717,8298.11,54,49,0.63,0.1,False,44,0.09,3,False,0.55
Business_623,U52762UP2004PLC344959,119524.08,300,261,0.7,0.15,True,39,0.13,0,False,0.69
Business_624,L36569KA2014LLC214266,6827.38,12,10,0.52,0.13,False,48,0.15,0,False,0.72
Business_625,L23848KA2004PLC429287,42243.78,298,268,0.59,0.06,False,43,-0.04,0,False,0.59
Business_626,U25825UP2020PTC573869,17857.07,130,118,0.43,0.23,True,85,0.11,0,True,0.63
Business_627,U70731GJ2017PTC194813,17167.15,41,32,0.65,0.06,False,34,0.04,0,False,0.6
Business_628,L99922GJ2016LLC830729,5761.13,42,28,0.48,0.12,True,89,0.01,0,False,0.62
Business_629,L38183UP1994PTC845702,41889.38,45,16,0.62,0.02,True,48,0.37,0,False,0.57
Business_630,L56627WB2006PTC810078,100661.61,300,212,0.16,0.12,True,53,0.05,0,False,0.67
Business_631,U44100KA1990PLC996114,19411.76,43,40,0.47,0.13,False,16,0.2,0,False,0.75
Business_632,U82869TN1993PLC206857,10080.72,19,4,0.48,0.02,True,68,0.13,2,True,0.31
Business_633,L25919DL1991PTC237064,26251.95,57,50,0.71,0.27,True,87,0.13,4,True,0.48
Business_634,L62505UP2011LLC776001,5000.0,10,6,0.54,0.01,True,49,0.18,0,False,0.58
Business_635,L86326GJ2019PTC122859,14634.28,115,108,0.63,0.13,False,90,-0.14,0,True,0.46
Business_636,L35919RJ2015PTC196446,5000.0,115,43,0.37,0.03,False,15,0.07,0,False,0.58
Business_637,U26059DL2020PLC153097,59082.39,220,139,0.8,0.09,True,37,0.01,0,False,0.56
Business_638,L85220WB2016LLC514186,5142.39,17,12,0.71,0.26,False,97,0.0,0,False,0.74
Business_639,U13864WB2011PLC281201,35890.24,85,17,0.75,0.08,True,77,0.42,3,False,0.47
Business_640,U38143KA1998PLC567676,200000.0,300,228,0.05,0.18,False,70,0.08,0,False,0.78
Business_641,L14541TN2010PLC623125,104649.08,152,98,0.52,0.16,True,40,-0.05,0,True,0.48
Business_642,U82179RJ1991PTC393366,15957.5,33,2,0.66,0.05,False,19,0.05,0,True,0.38
Business_643,U27987WB1996LLC935922,42046.99,35,28,0.8,0.17,True,45,0.19,0,True,0.56
Business_644,L92674DL2002LLC476556,26023.44,52,19,0.33,0.09,True,80,0.14,0,False,0.63
Business_645,U81371RJ2001LLC626797,10392.63,22,13,0.46,0.05,True,47,-0.03,4,False,0.38
Business_646,U60905GJ1995PTC434367,41032.2,28,24,0.2,0.09,False,72,0.02,0,True,0.52
Business_647,L13840GJ1991PLC655149,19933.96,25,11,0.93,0.1,False,87,0.13,0,False,0.61
Business_648,U86544TN1995PTC359896,8450.83,27,11,0.68,0.06,True,56,-0.2,2,False,0.37
Business_649,L44934DL2014PTC703656,103219.94,225,198,0.83,0.14,True,147,0.05,2,True,0.39
Business_650,U56504KA1995PTC721301,31723.41,28,21,0.8,0.04,True,25,0.11,0,False,0.57
Business_651,U57026DL2012LLC468765,15792.05,100,72,0.12,0.16,True,66,0.02,0,False,0.7
Business_652,L83807TN2016PLC668458,67239.72,10,6,0.51,0.04,True,68,0.1,0,True,0.43
Business_653,U33010RJ1991PTC158896,5000.0,15,7,0.9,0.05,True,70,0.3,0,False,0.57
Business_654,L88861TN1990LLC601207,22319.84,65,60,0.15,0.03,False,12,0.08,0,False,0.66
Business_655,L53481TN2015PTC457311,44409.16,195,150,0.32,0.03,True,101,0.24,0,False,0.62
Business_656,L52413DL1990PTC715104,13320.56,168,131,0.43,0.07,False,67,0.28,0,False,0.69
Business_657,L24538UP2020PTC491738,6691.47,21,7,0.16,0.11,False,75,0.01,0,False,0.64
Business_658,U86810MH2000PLC438273,5000.0,14,4,0.17,0.1,False,25,0.2,0,False,0.69
Business_659,L30644WB2015LLC610866,6662.5,300,120,0.48,0.02,False,94,-0.18,0,False,0.47
Business_660,U32833UP1997LLC717558,16678.13,32,23,0.9,0.13,True,82,0.26,3,False,0.55
Business_661,L59595GJ2013LLC408823,5000.0,46,39,0.46,0.02,True,38,0.15,0,False,0.61
Business_662,L33292DL2020LLC700660,22576.64,207,156,0.63,0.24,False,83,-0.07,1,False,0.67
Business_663,U84381DL1995LLC433674,31921.95,44,43,0.9,0.15,False,79,0.06,2,False,0.6
Business_664,L93839MH2019PLC247475,20151.32,57,34,0.78,0.15,False,75,-0.18,0,False,0.56
Business_665,U20198TN2001PLC276042,51630.09,186,134,0.48,0.2,True,13,0.17,0,True,0.6
Business_666,L97821UP2004PTC378095,154637.52,221,181,0.44,0.13,False,46,-0.08,0,True,0.49
Business_667,L42707MH2001PLC925250,22999.06,134,133,0.3,0.29,False,80,0.07,0,False,0.86
Business_668,L10167DL2002PLC868170,18172.82,145,116,0.3,0.14,False,90,0.1,0,False,0.73
Business_669,U31802WB2005PLC468292,18678.87,98,81,0.27,0.18,True,75,-0.02,0,False,0.7
Business_670,U23294RJ2015LLC782591,5813.34,42,6,0.51,0.01,False,90,-0.06,0,False,0.47
Business_671,L31319RJ1992PTC409234,5000.0,80,66,0.74,0.07,True,53,-0.11,4,True,0.22
Business_672,L51774GJ2020PTC177804,5000.0,13,11,0.72,0.12,False,56,-0.12,0,False,0.59
Business_673,U32296WB1995LLC178645,5000.0,10,4,0.5,0.22,True,39,0.25,0,True,0.6
Business_674,L54295RJ2012PTC552275,53068.08,74,72,0.2,0.06,False,52,0.1,0,False,0.69
Business_675,L89602WB1995PTC206176,20309.08,69,19,0.21,0.23,False,114,0.22,0,False,0.77
Business_676,U36941TN2003LLC681028,28751.23,79,71,0.3,0.13,False,27,0.08,0,False,0.72
Business_677,U96585GJ1999PTC200575,64832.69,203,181,0.31,0.1,False,71,0.01,0,False,0.67
Business_678,L61498RJ1994PTC478356,15894.8,73,66,0.37,0.15,True,22,0.16,0,False,0.74
Business_679,L66047MH1999LLC755455,7055.37,17,15,0.68,0.24,True,62,0.02,0,False,0.73
Business_680,U36171MH1990PTC279130,8075.34,47,25,0.28,0.16,True,45,-0.02,0,False,0.65
Business_681,U20739RJ2017PTC423331,49562.82,166,69,0.27,0.05,False,87,0.2,0,False,0.66
Business_682,U71727RJ2018LLC377877,78636.29,10,9,0.82,0.04,True,95,0.26,3,False,0.5
Business_683,L94130WB1995PLC499974,62578.95,263,197,0.52,0.11,True,33,0.43,2,False,0.61
Business_684,U34455RJ1991PLC561101,37629.62,10,9,0.33,0.07,True,81,0.12,0,False,0.66
Business_685,U44524TN2016PLC691655,16396.5,10,7,0.72,0.1,True,71,0.11,0,False,0.62
Business_686,L29808MH1992LLC460491,34339.38,87,49,0.75,0.33,False,62,0.24,3,False,0.71
Business_687,U87296TN2007PTC981639,5000.0,10,4,0.8,0.11,False,64,-0.05,0,True,0.41
Business_688,U78495WB2020LLC820442,44103.43,60,52,0.47,0.06,False,119,0.07,0,False,0.62
Business_689,U85066TN2005PLC182790,31512.76,42,35,0.36,0.03,False,82,0.26,0,False,0.67
Business_690,U14551KA1993PLC281276,19661.06,51,39,0.57,0.1,True,86,-0.14,0,True,0.4
Business_691,L37772TN1994PTC543940,78359.24,151,129,0.52,0.02,True,99,-0.03,0,False,0.54
Business_692,L99538WB1996LLC255061,10101.72,15,9,0.27,0.1,False,49,0.07,0,False,0.67
Business_693,U51910MH1992PLC683390,47111.89,165,38,0.75,0.15,True,109,-0.09,1,True,0.32
Business_694,U82358UP2017PLC644932,74539.8,202,123,0.74,0.05,True,75,-0.08,0,False,0.5
Business_695,U11620WB1993PLC256911,151445.81,249,122,0.49,0.12,False,68,0.12,0,False,0.67
Business_696,L84264MH2019PTC690016,7394.49,23,13,0.26,0.12,True,53,0.07,0,False,0.66
Business_697,L47498UP2018PLC376967,6656.91,14,4,0.5,0.25,False,101,0.23,0,False,0.76
Business_698,U95824RJ2008LLC596025,18450.76,10,9,0.37,0.04,True,34,-0.07,0,False,0.56
Business_699,L32570GJ2002PTC748276,173277.46,300,221,0.85,0.01,True,57,0.07,0,False,0.52
Business_700,U15083WB2018PLC824056,48328.55,10,8,0.13,0.16,True,80,0.2,0,False,0.78
Business_701,L16460RJ2019PLC490532,34111.33,120,103,0.8,0.06,True,92,0.04,4,False,0.41
Business_702,L54284GJ1999PLC983788,8173.17,100,94,0.28,0.05,False,78,0.16,0,False,0.69
Business_703,U99764MH2017PTC240913,27613.12,30,29,0.54,0.08,False,78,0.29,1,True,0.52
Business_704,U68079UP1998LLC537017,200000.0,300,102,0.46,0.01,False,63,0.27,0,True,0.45
Business_705,L34633RJ1996PLC876936,87853.99,270,255,0.74,0.04,True,90,0.05,0,False,0.57
Business_706,U77698UP2016PTC640299,35811.47,58,35,0.24,0.09,False,126,0.03,4,True,0.31
Business_707,L18600GJ2012LLC522979,70448.99,263,161,0.83,0.05,True,48,-0.02,0,False,0.51
Business_708,L78719DL1995PTC973390,200000.0,300,185,0.39,0.03,False,48,-0.23,0,False,0.5
Business_709,L17553TN1991PLC153015,8497.48,39,19,0.62,0.16,True,82,0.16,0,False,0.68
Business_710,U36097GJ2001PLC629663,61340.69,193,177,0.55,0.11,True,76,-0.01,0,False,0.62
Business_711,U93284MH2011PTC353690,17158.55,46,29,0.25,0.02,False,86,0.21,0,False,0.65
Business_712,U74066RJ1995PLC715388,106446.33,300,116,0.54,0.05,False,63,0.2,0,False,0.63
Business_713,U55121KA2016PLC885342,11199.35,11,1,0.67,0.13,True,71,0.17,0,False,0.61
Business_714,L47364DL2002PTC270820,21857.4,59,39,0.85,0.03,True,85,-0.26,0,False,0.43
Business_715,L39012TN2011PTC382154,7103.68,30,18,0.62,0.05,False,37,-0.02,0,False,0.56
Business_716,U77276DL2017LLC109330,77655.95,10,7,0.38,0.08,False,63,0.05,0,False,0.64
Business_717,U27342KA2009PTC334639,5000.0,10,4,0.38,0.02,False,33,0.16,3,False,0.48
Business_718,U89736GJ2012LLC773962,32172.34,55,40,0.68,0.03,True,30,0.26,4,False,0.44
Business_719,U65549WB2017PLC581294,200000.0,300,180,0.48,0.09,True,90,-0.07,2,False,0.48
Business_720,U38601RJ1999LLC645928,45745.05,56,34,0.33,0.06,True,50,0.18,0,False,0.65
Business_721,U86609MH1990LLC794530,73512.0,107,79,0.49,0.12,True,60,0.22,0,False,0.7
Business_722,U83591GJ1999LLC213355,5000.0,96,81,0.48,0.03,True,81,0.25,0,False,0.64
Business_723,U18367UP1998LLC440930,132458.11,300,151,0.9,0.1,False,107,0.09,0,False,0.58
Business_724,U44229GJ1996PTC642421,48210.2,124,23,0.76,0.17,False,69,0.19,0,False,0.68
Business_725,L17441WB2011PLC813824,10046.22,34,28,0.38,0.06,False,51,-0.04,0,False,0.6
Business_726,L13336RJ1999PLC538897,18426.44,253,214,0.04,0.05,True,66,-0.07,0,False,0.6
Business_727,U60891DL2008LLC699829,20143.64,34,25,0.5,0.18,False,84,-0.04,0,True,0.53
Business_728,L54979TN2011LLC769320,25586.59,52,44,0.68,0.04,True,51,0.32,0,False,0.62
Business_729,U98063UP2006PLC986486,26737.7,52,40,0.47,0.18,False,104,0.09,0,False,0.71
Business_730,L96194KA1999PTC593649,45950.56,143,89,0.14,0.12,True,56,0.33,0,False,0.72
Business_731,L43902KA2020LLC451936,14011.81,22,10,0.33,0.01,True,10,-0.21,2,False,0.37
Business_732,L39131UP1997LLC422002,33425.84,39,32,0.77,0.2,True,49,0.18,0,True,0.59
Business_733,U53426UP1998LLC408334,5000.0,31,25,0.48,0.16,True,95,0.1,0,False,0.7
Business_734,U25437RJ1991LLC711922,58840.27,288,97,0.71,0.25,True,15,-0.1,0,False,0.63
Business_735,L71894TN2006PTC813763,19334.65,54,31,0.82,0.07,False,98,0.14,0,True,0.46
Business_736,U79446GJ2003PTC995735,44056.38,70,62,0.31,0.13,True,66,0.07,0,False,0.69
Business_737,L28004TN2000PLC697062,9174.21,15,7,0.74,0.17,False,150,-0.06,0,True,0.44
Business_738,U28772UP2017LLC289117,54234.0,62,25,0.26,0.05,True,43,0.04,0,True,0.42
Business_739,L73908UP2010PTC428638,5000.0,15,2,0.92,0.11,True,103,0.17,3,True,0.28
Business_740,L10617RJ1998PTC898169,64175.53,23,20,0.26,0.32,False,45,-0.09,0,False,0.8
Business_741,L85534KA2005PTC235691,33565.12,66,38,0.41,0.14,True,107,-0.07,0,False,0.58
Business_742,U93032WB2002PLC600590,33611.09,160,89,0.22,0.08,False,87,-0.05,0,False,0.61
Business_743,U10611DL2007PTC866151,25389.49,108,55,0.56,0.19,True,83,0.06,0,True,0.53
Business_744,U11845UP2014LLC299834,84607.01,91,74,0.58,0.08,False,120,0.07,3,True,0.35
Business_745,L98702DL2010LLC360909,15353.42,23,10,0.84,0.05,True,70,0.34,0,False,0.58
Business_746,L55134GJ1994PTC502181,7549.57,18,15,0.85,0.03,True,127,0.2,2,True,0.34
Business_747,U31891MH2016PTC412687,79941.35,300,51,0.53,0.12,True,99,0.31,3,True,0.37
Business_748,U69759UP2003LLC240288,132739.8,300,66,0.81,0.04,False,50,0.35,0,False,0.57
Business_749,U74248UP2014PTC272892,93373.17,248,225,0.77,0.04,True,33,0.04,2,True,0.33
Business_750,U12506TN1997LLC237579,5000.0,10,3,0.64,0.01,True,72,0.33,4,False,0.39
Business_751,L12872KA1993PLC845652,5651.3,16,2,0.82,0.02,True,61,0.2,1,False,0.48
Business_752,L59177GJ2014LLC753404,80760.8,144,67,0.46,0.02,False,100,0.03,0,False,0.55
Business_753,L87846DL2011PTC785315,56809.97,72,55,0.04,0.12,False,54,-0.11,0,False,0.66
Business_754,L16322MH2003PLC498724,33790.55,53,44,0.89,0.16,True,21,0.29,0,False,0.7
Business_755,L81733GJ2005LLC260565,5000.0,10,5,0.98,0.11,True,87,0.18,0,False,0.61
Business_756,L99881DL1999PLC793805,65886.52,170,60,0.33,0.02,False,44,0.18,3,True,0.34
Business_757,L96832GJ2009LLC834764,71508.99,148,84,0.84,0.08,False,83,0.35,0,False,0.64
Business_758,L64896MH2006LLC747703,30816.65,133,132,0.79,0.18,False,69,0.05,0,False,0.71
Business_759,L47054MH2015PTC621917,67085.1,300,249,0.29,0.12,False,34,0.12,0,False,0.72
Business_760,L89823TN2014PLC971889,13910.87,60,24,0.83,0.14,False,78,0.05,0,False,0.62
Business_761,L56913WB1999PTC141319,30408.79,92,44,0.23,0.08,True,72,-0.07,0,False,0.57
Business_762,U37222RJ2000PTC102871,6794.86,29,25,0.87,0.03,False,73,0.21,0,True,0.47
Business_763,L98032MH2019PTC975804,22326.94,49,28,0.37,0.08,False,72,-0.21,0,False,0.54
Business_764,U29548MH2014LLC178693,5000.0,21,19,0.69,0.03,True,75,0.23,0,False,0.62
Business_765,L43540TN2004PLC376955,24594.79,53,41,0.65,0.25,False,85,-0.09,0,False,0.71
Business_766,U16564MH2016PTC141360,40893.37,83,49,0.81,0.06,True,107,-0.05,0,False,0.48
Business_767,U57214UP2003LLC221531,127233.66,300,232,0.46,0.07,False,53,0.25,0,True,0.54
Business_768,L16014DL2017PTC795578,22357.13,65,52,0.54,0.12,True,132,0.07,0,False,0.63
Business_769,L53078UP2018PLC752011,36040.48,102,95,0.54,0.05,False,71,0.23,0,False,0.68
Business_770,U22183UP2016PLC291752,7137.12,34,22,0.7,0.06,True,57,0.27,0,False,0.62
Business_771,L62530WB2020PLC385037,15927.38,94,70,0.34,0.24,True,48,0.04,0,False,0.76
Business_772,U72684WB2010PTC218548,6218.39,38,33,0.73,0.3,True,121,0.23,5,False,0.61
Business_773,L17686KA1993PLC719446,23138.0,66,5,0.45,0.04,False,59,0.09,0,True,0.4
Business_774,U84572RJ1995LLC498197,55392.89,10,5,0.5,0.04,True,93,0.13,2,True,0.35
Business_775,U90131DL2017LLC979269,5000.0,57,56,0.57,0.05,False,92,-0.15,0,False,0.55
Business_776,L73318RJ1993PLC562094,69978.29,160,88,0.31,0.12,False,93,-0.0,0,True,0.5
Business_777,L18301GJ2010PLC112960,14559.28,13,7,0.63,0.2,True,123,0.08,0,True,0.51
Business_778,L97797UP2006LLC821673,71686.59,127,108,0.79,0.23,False,48,0.33,0,True,0.65
Business_779,L66734TN2005PLC795951,35195.47,52,14,0.26,0.06,True,48,0.11,2,False,0.51
Business_780,U29484DL1990LLC264550,5815.59,10,3,0.42,0.1,True,50,-0.03,0,False,0.56
Business_781,U74990KA1992PLC436208,200000.0,300,138,0.8,0.03,True,16,0.09,0,False,0.52
Business_782,L53371GJ1991LLC333524,8747.89,28,23,0.61,0.11,True,74,0.15,2,False,0.59
Business_783,U62858TN1992PLC565765,87274.77,246,207,0.52,0.09,False,91,0.12,0,False,0.68
Business_784,U21536RJ2004PLC224473,20263.51,108,89,0.78,0.04,True,40,0.1,4,True,0.27
Business_785,U95638DL1993PLC532368,13206.71,60,39,0.89,0.09,True,37,0.3,0,False,0.63
Business_786,L83024DL2016PTC930244,18039.73,75,65,0.56,0.03,True,47,0.05,0,True,0.42
Business_787,U76628TN2010LLC578368,12918.98,31,22,0.33,0.1,False,56,-0.12,3,False,0.48
Business_788,U57624DL2016PTC985331,15894.32,61,43,0.55,0.07,False,100,0.04,0,False,0.61
Business_789,U53512RJ2012LLC480941,12569.83,70,62,0.36,0.24,False,80,0.31,0,False,0.85
Business_790,U24945MH2014LLC332518,5000.0,10,3,0.75,0.06,False,81,0.16,0,False,0.59
Business_791,L54742UP2016LLC938769,200000.0,300,201,0.36,0.13,True,65,-0.13,3,True,0.32
Business_792,U81786UP2012PTC148001,8820.65,163,118,0.29,0.12,True,59,0.06,0,False,0.67
Business_793,L74542KA2016LLC878579,114078.72,146,14,0.77,0.16,True,115,0.16,0,False,0.6
Business_794,U24019GJ2009PTC296653,127163.74,300,93,0.43,0.06,False,50,0.18,0,False,0.63
Business_795,L61497TN2004PTC851606,5000.0,14,13,0.64,0.04,False,101,0.13,0,False,0.61
Business_796,U24125WB1991LLC978146,10510.27,73,39,0.05,0.06,True,73,-0.0,0,False,0.6
Business_797,L69048RJ2011LLC628689,23239.31,149,125,0.8,0.14,True,61,0.23,0,False,0.7
Business_798,L75382DL2006LLC150931,30658.02,73,20,0.24,0.04,False,68,0.22,0,False,0.64
Business_799,U86692RJ2019LLC919023,5000.0,63,53,0.75,0.02,True,105,0.06,0,False,0.52
Business_800,L85832KA2013PTC208584,108171.38,300,87,0.06,0.01,False,58,0.19,0,False,0.63
Business_801,U96182UP2006PLC539001,13498.56,52,37,0.58,0.05,False,65,0.15,0,False,0.64
Business_802,L45860WB2020PLC408463,5000.0,10,2,0.28,0.03,False,99,0.35,0,False,0.62
Business_803,U27481KA2003LLC834018,9208.57,32,3,0.76,0.06,True,58,0.13,6,False,0.33
Business_804,U81802UP2012LLC680472,35066.07,31,23,0.42,0.09,False,25,0.24,0,False,0.71
Business_805,L36330TN2009LLC404694,15948.42,15,3,0.63,0.04,False,124,-0.08,0,False,0.46
Business_806,U98129KA2012LLC286450,154198.39,133,90,0.58,0.08,False,27,0.18,0,False,0.67
Business_807,U25126UP2007PLC711116,5281.47,17,11,0.49,0.13,True,5,0.22,5,True,0.35
Business_808,U98374GJ2018PLC947568,21992.54,70,68,0.07,0.13,True,57,0.34,0,False,0.77
Business_809,L78515MH1990PLC252386,8487.04,14,12,0.74,0.03,True,89,0.46,0,False,0.61
Business_810,L97851DL1996PLC886626,12785.71,30,12,0.23,0.13,False,48,0.01,0,False,0.65
Business_811,L47567GJ1994PTC824141,26222.61,300,253,0.45,0.03,False,94,0.4,0,False,0.66
Business_812,U36738DL2001PLC207458,64881.28,32,29,0.15,0.17,False,26,0.01,0,False,0.75
Business_813,L94819WB1997LLC922405,36470.51,78,73,0.55,0.12,True,43,-0.09,0,True,0.45
Business_814,U97096DL2019PLC506380,32747.27,10,8,0.33,0.01,False,67,0.02,0,False,0.59
Business_815,U99803UP2020LLC156415,31965.95,13,7,0.4,0.17,True,40,0.0,0,False,0.66
Business_816,L42943TN2009PLC970300,5589.27,15,10,0.85,0.35,True,85,0.01,0,False,0.74
Business_817,L93071UP2014LLC673167,200000.0,300,69,0.4,0.25,True,40,0.28,4,False,0.61
Business_818,L35362GJ2004PTC815819,21221.78,101,27,0.14,0.02,False,71,0.35,0,False,0.63
Business_819,L34507KA2013LLC225151,200000.0,300,130,0.54,0.11,False,125,0.25,0,False,0.66
Business_820,U15326WB1998LLC377075,16169.4,36,31,0.21,0.2,False,72,0.11,0,False,0.8
Business_821,L31093GJ1990PLC588983,8009.52,87,65,0.07,0.2,False,79,0.5,0,False,0.83
Business_822,L15235KA2019PLC725874,5000.0,45,42,0.14,0.09,False,30,0.24,0,False,0.75
Business_823,L91968GJ2005LLC676884,38708.94,95,81,0.63,0.08,True,70,0.01,0,False,0.59
Business_824,U19552UP2006PTC292800,27323.27,79,68,0.43,0.21,True,67,0.05,0,False,0.74
Business_825,L76209KA2003LLC663123,5991.88,35,10,0.16,0.13,False,103,0.01,0,True,0.47
Business_826,U22051UP1997PTC795556,35473.22,36,9,0.28,0.08,False,44,-0.02,0,False,0.58
Business_827,U53393UP1999PTC889216,5000.0,40,24,0.3,0.14,False,30,0.5,0,False,0.75
Business_828,U83575DL1993LLC462814,37492.8,69,64,0.14,0.05,False,101,0.32,0,False,0.7
Business_829,U41502TN2020PTC815706,192838.52,200,133,0.15,0.2,False,95,0.21,0,False,0.82
Business_830,U59987MH2002PLC666479,13452.49,10,6,0.21,0.1,True,42,0.04,2,False,0.56
Business_831,U13238UP2006LLC567200,190033.84,300,125,0.62,0.18,True,103,0.07,0,True,0.48
Business_832,U15747GJ2018LLC301863,43205.51,72,67,0.18,0.04,False,58,0.11,0,False,0.67
Business_833,U77357MH2020PTC275526,15469.15,63,39,0.47,0.13,True,102,0.12,0,False,0.64
Business_834,L92173MH1996LLC760093,19495.12,100,29,0.23,0.12,False,90,0.14,4,False,0.52
Business_835,L99837WB2016PTC315565,6973.37,53,34,0.83,0.04,True,85,0.23,0,True,0.44
Business_836,U94746MH2013LLC261223,40339.15,93,76,0.87,0.12,True,75,-0.3,4,False,0.36
Business_837,L70191UP1991PTC176806,9049.2,59,35,0.52,0.03,False,122,0.12,3,True,0.31
Business_838,L33329GJ2007PTC702891,13701.02,59,43,0.51,0.21,False,86,0.18,0,False,0.79
Business_839,L43901WB2002PLC760830,57481.26,300,160,0.65,0.14,False,52,0.28,0,False,0.71
Business_840,U66757UP1990PLC806004,5000.0,22,19,0.36,0.04,False,82,0.08,0,False,0.64
Business_841,L80101DL2010LLC748386,5000.0,83,44,0.63,0.05,True,100,0.24,3,False,0.49
Business_842,L86756DL2012PTC475075,45559.28,200,165,0.18,0.1,True,148,0.03,0,False,0.63
Business_843,L47989GJ2009PTC395192,32472.05,120,107,0.44,0.09,False,91,0.15,7,False,0.5
Business_844,U59992WB2016LLC132316,7944.61,10,8,0.53,0.22,True,80,0.18,6,True,0.43
Business_845,U30489TN1994LLC509985,23010.94,66,54,0.41,0.16,False,91,0.3,0,False,0.77
Business_846,U93105KA1999LLC933635,14915.77,19,14,0.83,0.35,True,52,0.29,0,True,0.67
Business_847,U11461KA1993PTC105274,5335.31,60,48,0.58,0.12,False,43,0.22,0,True,0.57
Business_848,U80405MH1999PTC884645,5000.0,10,7,0.15,0.15,False,75,0.02,0,False,0.71
Business_849,U37752WB2018LLC992819,6126.6,92,66,0.78,0.05,False,87,-0.03,0,False,0.55
Business_850,L31096KA1997LLC975297,8496.62,51,16,0.67,0.09,True,42,0.21,0,True,0.46
Business_851,U35470MH1995LLC938504,27267.9,123,33,0.77,0.08,True,111,0.15,0,True,0.4
Business_852,L81939RJ2010LLC176697,200000.0,300,218,0.71,0.09,True,45,0.47,4,False,0.49
Business_853,U98039MH1998PTC307007,5000.0,45,24,0.42,0.15,True,83,-0.17,0,False,0.57
Business_854,U53365UP1994LLC787313,79020.96,10,8,0.73,0.02,False,30,0.1,0,False,0.59
Business_855,L23113GJ2009PTC302897,5000.0,16,10,0.3,0.1,False,116,-0.23,1,False,0.5
Business_856,U73682RJ2000LLC791454,8698.09,211,162,0.24,0.02,False,27,0.1,0,False,0.63
Business_857,U86568KA2008LLC482199,21821.98,26,24,0.19,0.18,False,47,0.39,0,False,0.82
Business_858,U66139KA1990PLC358133,26626.13,125,115,0.3,0.16,False,129,0.18,0,False,0.76
Business_859,L93995WB1998PLC240829,9520.18,25,14,0.49,0.15,True,87,0.3,0,False,0.71
Business_860,U72908RJ2004PLC912402,32287.66,112,100,0.22,0.14,True,91,-0.05,0,True,0.52
Business_861,U73828MH1995LLC736095,12130.47,50,34,0.68,0.08,False,81,0.07,0,False,0.62
Business_862,L46780KA2018LLC305973,5000.0,10,9,0.92,0.09,True,42,0.11,4,True,0.3
Business_863,U92132MH2013PTC119535,12079.15,30,20,0.45,0.05,True,102,0.22,0,True,0.46
Business_864,L86269WB2014LLC323095,27072.81,54,37,0.39,0.09,True,73,-0.16,0,False,0.54
Business_865,L82298GJ2007LLC595036,51802.21,84,75,0.59,0.1,True,61,0.11,0,False,0.65
Business_866,L57948WB1997LLC868844,12987.94,55,35,0.7,0.11,False,70,0.25,0,False,0.69
Business_867,U27548RJ2006LLC194952,59423.2,152,92,0.52,0.08,False,113,-0.04,0,False,0.56
Business_868,U57692DL2011PTC989173,18819.98,61,10,0.27,0.31,False,91,0.14,0,False,0.82
Business_869,L77388KA2004PTC287847,10839.46,45,43,0.57,0.1,True,54,0.21,0,False,0.7
Business_870,L73373UP1991PTC898461,200000.0,300,136,0.55,0.18,True,68,0.07,3,True,0.4
Business_871,U40375MH1998PLC345386,59324.89,300,176,0.59,0.12,True,73,0.42,0,False,0.67
Business_872,L97632TN2006PLC506945,18405.55,53,36,0.71,0.04,False,61,0.13,0,False,0.6
Business_873,U69591DL1991LLC439813,8077.61,27,20,0.55,0.15,False,44,0.15,0,False,0.73
Business_874,L78337GJ2016LLC376106,200000.0,300,215,0.34,0.23,True,71,0.16,4,True,0.48
Business_875,L59369WB2001LLC785073,23664.72,98,52,0.32,0.11,False,82,0.09,0,True,0.52
Business_876,L77720GJ2002PTC641455,25775.64,107,95,0.47,0.07,False,88,0.13,0,True,0.52
Business_877,U56255UP2005PLC733561,58930.47,104,95,0.17,0.05,True,59,0.09,0,False,0.65
Business_878,L75776KA2004PTC341162,15387.83,36,24,0.05,0.14,True,114,0.27,0,False,0.73
Business_879,L77441GJ1996PTC295984,30520.09,59,40,0.29,0.12,False,73,-0.02,0,True,0.51
Business_880,L57477MH2011PTC534753,5939.67,34,24,0.33,0.31,False,39,-0.03,0,False,0.8
Business_881,U24855RJ2011PLC602290,15847.34,16,12,0.21,0.02,False,56,0.18,0,False,0.66
Business_882,L87436KA2010PLC123536,23350.16,38,31,0.89,0.08,True,61,0.09,0,False,0.59
Business_883,L15655KA2008LLC268956,12817.3,39,2,0.43,0.04,False,119,0.02,0,False,0.5
Business_884,L92515DL2018LLC253999,11588.73,10,2,0.38,0.24,False,19,0.0,0,False,0.71
Business_885,L31802GJ2019PTC641737,10764.7,10,5,0.2,0.03,True,80,0.11,0,True,0.45
Business_886,U88558DL2018LLC863336,103426.58,173,132,0.67,0.35,False,53,-0.08,0,False,0.75
Business_887,U21239TN2004LLC594312,36706.54,29,27,0.59,0.35,False,89,0.19,0,False,0.88
Business_888,U32356TN2016PLC730025,91344.87,299,267,0.08,0.01,False,47,0.11,0,False,0.66
Business_889,L86368KA2009LLC635617,17856.09,29,18,0.51,0.05,False,75,0.13,0,False,0.63
Business_890,U31983UP2019PLC725510,5619.43,28,17,0.2,0.07,True,121,0.15,0,False,0.63
Business_891,L40122WB2002PTC213844,98996.88,211,178,0.55,0.09,False,91,-0.02,0,False,0.62
Business_892,L36522WB2016PTC734924,40937.98,178,100,0.25,0.11,False,72,0.38,0,False,0.72
Business_893,L33255RJ2018LLC728950,37176.96,138,91,0.3,0.16,True,83,0.17,0,True,0.58
Business_894,L79655MH1992PLC791423,54437.27,122,89,0.07,0.12,False,80,0.26,0,True,0.62
Business_895,L89098DL2018LLC780768,12478.97,41,17,0.17,0.03,False,76,0.02,0,False,0.58
Business_896,U78425WB2001PTC831531,12113.3,77,71,0.67,0.07,True,20,0.12,8,True,0.28
Business_897,U40079RJ2015PLC467544,22902.26,115,84,0.34,0.12,True,80,0.06,0,False,0.66
Business_898,L65769KA1998PLC903061,44895.09,131,106,0.26,0.1,True,121,0.02,4,False,0.46
Business_899,L20986GJ2009LLC528497,75451.27,152,133,0.85,0.07,False,82,0.22,1,False,0.62
Business_900,U34775DL2012LLC927769,12120.54,38,35,0.12,0.11,False,78,0.23,0,False,0.77
Business_901,L85757MH2006PTC493247,19481.43,109,67,0.44,0.03,True,106,0.14,0,False,0.57
Business_902,L51405WB2001PTC262297,15699.98,41,21,0.34,0.05,True,79,0.02,0,True,0.42
Business_903,U95403GJ1998LLC544136,9249.0,10,9,0.87,0.07,True,59,0.04,0,True,0.43
Business_904,U90200GJ2011PLC891645,144481.69,294,207,0.66,0.14,True,77,-0.01,5,True,0.27
Business_905,L64162RJ1995PLC686252,16386.32,37,15,0.36,0.01,False,45,0.03,0,True,0.4
Business_906,U43263GJ2008PLC911801,40667.21,131,88,0.18,0.09,True,66,0.27,0,False,0.7
Business_907,U28096MH2013PTC568288,10733.17,62,55,0.9,0.17,True,90,-0.2,0,False,0.57
Business_908,L23143TN2006PLC924265,5607.6,10,7,0.45,0.08,False,42,-0.04,0,False,0.6
Business_909,U82165DL1995PLC766764,10876.94,10,9,0.09,0.03,False,32,0.24,0,False,0.71
Business_910,L21939KA2005LLC556526,189348.78,300,75,0.32,0.05,False,47,0.18,0,False,0.63
Business_911,L18399GJ1997PLC183927,8661.98,10,7,0.54,0.06,True,99,0.09,0,False,0.6
Business_912,L60374WB2009LLC646313,29075.42,93,82,0.74,0.2,False,93,0.23,3,False,0.66
Business_913,U88311DL2020PTC771394,6946.75,13,10,0.75,0.06,True,75,0.2,0,False,0.63
Business_914,U67536DL1996LLC942960,8824.56,17,4,0.61,0.04,False,13,-0.17,0,False,0.46
Business_915,U35525DL2015LLC635348,6074.37,22,11,0.47,0.05,True,41,0.43,0,False,0.62
Business_916,L90634KA2011PTC477214,13634.58,131,52,0.85,0.09,True,56,0.27,0,False,0.6
Business_917,L95854DL1995PTC389340,5016.67,29,7,0.66,0.3,True,76,-0.2,0,False,0.63
Business_918,U56285WB2002LLC310040,22503.09,21,18,0.31,0.07,False,5,0.42,0,False,0.71
Business_919,L18993MH2007PLC861411,16658.38,101,65,0.63,0.15,True,94,0.03,2,False,0.56
Business_920,U55544GJ1997LLC303974,8131.32,52,25,0.26,0.13,False,47,0.19,0,False,0.73
Business_921,U62947DL1998PTC526911,60389.32,252,250,0.16,0.1,False,46,0.05,0,False,0.71
Business_922,L83220MH2006PLC456480,8645.74,174,86,0.63,0.02,True,63,0.06,0,False,0.53
Business_923,L77277GJ2018LLC952646,24620.95,74,59,0.16,0.11,False,82,0.09,0,False,0.71
Business_924,U68034WB2008PLC907369,109415.44,143,37,0.19,0.11,False,90,-0.26,0,False,0.55
Business_925,L54520RJ2011PLC715332,74095.39,216,195,0.72,0.1,False,66,-0.07,0,False,0.6
Business_926,L73172MH1998PTC501261,109541.21,10,6,0.41,0.06,True,97,-0.14,0,False,0.52
Business_927,L98724TN2015PLC532459,13072.19,19,16,0.76,0.02,False,70,0.22,0,False,0.62
Business_928,U77699DL2012PLC360316,33805.67,105,7,0.35,0.01,False,84,-0.0,0,False,0.51
Business_929,U22190WB2011LLC960959,9941.28,10,7,0.3,0.12,False,16,0.2,0,False,0.74
Business_930,U19965KA2005PLC470711,61569.25,119,115,0.53,0.29,False,28,0.36,0,False,0.89
Business_931,L85197GJ1995LLC816289,51932.31,166,136,0.62,0.09,True,63,0.04,2,False,0.53
Business_932,L75404TN1997LLC353814,5000.0,49,33,0.59,0.09,True,100,0.19,8,False,0.45
Business_933,U37102TN1996PTC976960,5000.0,31,22,0.48,0.02,False,52,-0.0,0,True,0.41
Business_934,U30446MH1993PTC808640,16491.45,74,17,0.91,0.04,False,109,0.06,0,False,0.49
Business_935,U90455DL2014LLC144316,5000.0,44,42,0.73,0.01,True,108,0.06,0,False,0.53
Business_936,U58653UP2005LLC388078,5000.0,89,78,0.28,0.1,True,56,0.29,0,True,0.57
Business_937,U33969GJ2002PTC886609,5000.0,56,48,0.55,0.1,False,64,-0.03,0,False,0.63
Business_938,L17097WB2005LLC134144,83776.7,152,64,0.17,0.06,False,106,0.16,0,False,0.64
Business_939,U61605KA2004PTC832162,10824.87,10,6,0.7,0.1,True,77,0.29,0,True,0.5
Business_940,U51373DL1990LLC320989,51810.34,228,151,0.63,0.02,True,60,0.33,0,False,0.59
Business_941,U86153MH2000PLC742544,83615.87,99,79,0.33,0.14,False,74,0.18,0,True,0.61
Business_942,U34530GJ1997PLC594241,7512.63,26,19,0.46,0.09,True,71,-0.1,0,True,0.41
Business_943,U57962KA2005PLC320759,5731.47,10,9,0.54,0.17,True,81,-0.04,3,False,0.54
Business_944,U58799UP2017PLC393212,25406.53,58,50,0.66,0.13,False,58,0.15,0,False,0.71
Business_945,U33578KA2008LLC339669,22312.49,87,38,0.78,0.04,False,29,0.1,0,False,0.56
Business_946,L45382TN2007PLC997904,63611.76,246,61,0.38,0.19,False,39,-0.02,0,False,0.66
Business_947,U35698KA2015LLC256812,8490.95,10,5,0.47,0.05,True,43,0.11,0,True,0.44
Business_948,U11276KA2003PLC241003,30810.68,71,39,0.67,0.09,True,50,0.07,0,False,0.59
Business_949,U73782GJ1998LLC695417,23448.35,17,11,0.55,0.12,False,61,0.19,0,False,0.71
Business_950,L62219MH2012PTC162952,69797.84,174,103,0.66,0.03,True,95,0.04,5,False,0.33
Business_951,L43330RJ2016LLC200979,9415.99,10,7,0.22,0.04,False,54,0.18,0,False,0.67
Business_952,U53864GJ2001PLC687569,15766.15,10,9,0.73,0.12,False,73,0.18,0,False,0.71
Business_953,U55107DL2003PTC468145,5000.0,35,33,0.5,0.19,False,90,-0.06,0,False,0.71
Business_954,L85609KA2014PLC472358,5000.0,10,6,0.37,0.2,False,84,0.17,0,False,0.78
Business_955,U98236RJ2014LLC568640,200000.0,300,140,0.31,0.1,False,96,0.0,0,False,0.62
Business_956,L59947GJ2004LLC251884,10159.82,21,6,0.65,0.09,False,95,0.13,0,False,0.61
Business_957,L93962UP2003LLC742053,200000.0,300,283,0.53,0.07,False,48,0.17,0,True,0.54
Business_958,U19351MH1995PLC339303,48654.51,136,122,0.19,0.08,False,79,0.38,0,False,0.74
Business_959,U51533GJ2012PLC734792,36982.71,163,111,0.54,0.1,False,110,0.17,0,False,0.66
Business_960,U45553RJ2014PLC884225,61164.69,300,157,0.44,0.15,False,13,0.19,0,False,0.73
Business_961,U64262KA1995PTC231113,5000.0,10,8,0.52,0.07,False,62,0.01,0,False,0.62
Business_962,L96772GJ2020LLC834733,32093.08,49,46,0.51,0.02,True,72,-0.05,0,False,0.54
Business_963,L37600KA2002PTC200195,175186.52,300,154,0.45,0.14,True,44,0.07,0,True,0.5
Business_964,L72021DL1990PLC649435,5000.0,14,10,0.79,0.04,False,20,0.08,0,False,0.58
Business_965,L23622GJ2009PTC188406,111517.69,75,13,0.19,0.18,True,104,0.2,0,False,0.7
Business_966,U50549TN1997LLC397979,5000.0,10,8,0.42,0.1,False,70,0.0,0,False,0.65
Business_967,U92114KA1994LLC979249,6384.16,28,26,0.08,0.08,False,70,0.1,0,True,0.56
Business_968,L13744DL2011PLC440998,32195.55,230,183,0.49,0.15,False,82,0.1,0,False,0.72
Business_969,U71235GJ2007PLC241678,16805.37,21,18,0.23,0.1,False,58,0.33,0,False,0.75
Business_970,L87441RJ2010LLC766738,33040.07,10,9,0.55,0.07,False,68,0.08,0,False,0.65
Business_971,U78610GJ2019PLC605048,7378.05,18,13,0.75,0.12,False,39,-0.03,0,False,0.61
Business_972,L21738RJ1999PLC532227,37476.2,10,8,0.43,0.16,False,37,0.14,0,False,0.75
Business_973,U30410GJ1990PTC648736,11980.48,45,23,0.31,0.24,True,109,0.14,0,False,0.75
Business_974,L55073GJ2005LLC108721,28950.84,94,58,0.14,0.02,False,5,-0.07,0,False,0.56
Business_975,U72530GJ1990PLC936726,16698.2,33,22,0.87,0.18,True,23,-0.01,3,False,0.51
Business_976,U88250TN2015PTC674842,5000.0,10,8,0.08,0.18,False,8,-0.08,0,False,0.72
Business_977,U34716WB2018LLC558339,113894.51,74,18,0.68,0.11,True,73,0.14,0,True,0.45
Business_978,U42754KA2012LLC777370,54580.39,80,49,0.53,0.02,False,96,0.05,0,True,0.42
Business_979,U59592TN1998PTC542750,5000.0,10,9,0.12,0.01,False,124,-0.04,0,False,0.57
Business_980,L77713GJ1999LLC879015,34948.24,60,33,0.27,0.06,False,71,0.07,0,False,0.63
Business_981,U64120TN2017PTC291267,5000.0,146,97,0.28,0.17,True,75,0.17,0,False,0.74
Business_982,L47957MH2010PLC747736,40676.29,58,40,0.47,0.08,True,71,-0.11,3,True,0.28
Business_983,U45669RJ1996PLC120337,20825.42,54,23,0.79,0.1,True,62,0.07,0,False,0.57
Business_984,L16505DL1995PTC395818,78867.82,172,21,0.34,0.04,False,97,-0.06,0,True,0.36
Business_985,U26389RJ2013PTC344119,5000.0,21,16,0.75,0.21,True,82,0.05,0,False,0.69
Business_986,L29750DL2005PTC458521,5379.52,167,61,0.62,0.04,False,93,0.22,0,False,0.61
Business_987,U50838RJ2001PLC830789,11145.83,25,20,0.9,0.23,False,116,0.16,0,False,0.74
Business_988,L53286MH2016PTC158760,10351.88,95,91,0.42,0.02,False,102,0.12,0,False,0.62
Business_989,U61435MH2007PLC290425,12619.81,56,49,0.68,0.22,True,83,0.09,0,True,0.59
Business_990,L42778WB2016PTC227885,12196.1,70,52,0.2,0.05,True,57,-0.02,0,False,0.59
Business_991,L60436RJ1997LLC135138,7580.55,10,3,0.04,0.07,True,63,-0.01,3,False,0.46
Business_992,L70402MH2006LLC318572,154841.3,300,232,0.32,0.09,False,117,0.03,0,False,0.63
Business_993,U61003GJ2019PLC266316,24277.47,59,28,0.22,0.02,False,124,0.25,0,False,0.62
Business_994,L82034MH1998PLC769536,79184.97,99,93,0.34,0.04,False,126,0.1,0,False,0.63
Business_995,U36047UP2018PTC799080,57498.17,47,29,0.54,0.12,False,100,0.1,0,False,0.67
Business_996,L24801TN2010PLC440277,11633.89,300,122,0.47,0.12,False,64,0.05,0,False,0.64
Business_997,L31936GJ2008PTC515035,15220.5,41,19,0.77,0.17,False,109,0.09,0,True,0.49
Business_998,L11170DL2008LLC598357,5000.0,19,15,0.15,0.09,False,59,-0.16,0,False,0.6
Business_999,L58679MH1997PTC624203,8433.91,62,46,0.48,0.24,True,106,0.12,3,True,0.48
Business_1000,L99908UP2019LLC162969,41151.22,260,134,0.73,0.05,True,57,0.26,0,False,0.6
